ID,Local_ID,Language_ID,Parameter_ID,Value,Form,Segments,Comment,Source,Cognacy,Loan
nhm-all-1,,nhm,all,nəhυm,nəhυm,n ə h υ/ʊ m,,Schoenhals1965,all-1,
shm-all-1,,shm,all,tukəʔy,tukəʔy,t u k ə ʔ j,,Cysouw2006,all-2,
lm-all-1,,lm,all,tuʔuk-ʔokəy,tuʔuk-ʔokəy,t u ʔ u k + ʔ o k ə j,,Hoogshagen1993,all-2,
sap-all-1,,sap,all,nu pəhən,nu pəhən,n u + p ə h ə n,,Clark1961,all-3,
olp-all-1,,olp,all,niʔtiʔk,niʔtiʔk,n i ʔ t i ʔ k,,Clark1981,all-4,
txp-all-1,,txp,all,bumbe,bumbe,b u m b e,,Wichmann2002,all-5,
soz-all-1,,soz,all,ikuməh,ikuməh,i k u m ə h,,Elson1999,all-6,
chzmaria-all-1,,chzmaria,all,aŋteneʔ,aŋteneʔ,a ŋ t e n e ʔ,,Knudson1980,all-7,
chzmiguel-all-1,,chzmiguel,all,hemhiʔ,hemhiʔ,h e m h i ʔ,,Johnson1998,all-8,
chisz-all-1,,chisz,all,mumu,mumu,m u m u,,Harrison1981,all-5,
nhm-ashes-1,,nhm,ashes,haahm,haahm,h aː h m,,Schoenhals1965,ashes-2,
shm-ashes-1,,shm,ashes,haam,haam,h aː m,,Cysouw2006,ashes-2,
lm-ashes-1,,lm,ashes,kuy-haam,kuy-haam,k u j + h aː m,,Hoogshagen1993,ashes-1,
sap-ashes-1,,sap,ashes,kuy-hahm,kuy-hahm,k u j + h a h m,,Clark1961,ashes-1,
olp-ashes-1,,olp,ashes,hamə,hamə,h a m ə,,Clark1981,ashes-2,
txp-ashes-1,,txp,ashes,kuyam,kuyam,k u j a m,,Wichmann2002,ashes-1,
soz-ashes-1,,soz,ashes,kuy-ham,kuy-ham,k u j + h a m,,Elson1999,ashes-1,
chzmaria-ashes-1,,chzmaria,ashes,kuy-ham,kuy-ham,k u j + h a m,,Knudson1980,ashes-1,
chzmiguel-ashes-1,,chzmiguel,ashes,kuy-ham,kuy-ham,k u j + h a m,,Johnson1998,ashes-1,
chisz-ashes-1,,chisz,ashes,kuy-ham,kuy-ham,k u j + h a m,,Harrison1981,ashes-1,
nhm-bark-1,,nhm,bark,kïp ak,kïp ak,k ɨ p + a k,,Schoenhals1965,bark-1,
shm-bark-1,,shm,bark,ak,ak,a k,,Cysouw2006,bark-1,
lm-bark-1,,lm,bark,ak,ak,a k,,Hoogshagen1993,bark-1,
sap-bark-1,,sap,bark,ak,ak,a k,,Clark1961,bark-1,
txp-bark-1,,txp,bark,kuy-daak,kuy-daak,k u j + d aː k,,Wichmann2002,bark-2,
chzmaria-bark-1,,chzmaria,bark,naka,naka,n a k a,,Knudson1980,bark-2,
chzmiguel-bark-1,,chzmiguel,bark,kuy naka,kuy naka,k u j + n a k a,,Johnson1998,bark-2,
chisz-bark-1,,chisz,bark,kuʔyu-naka,kuʔyu-naka,k u ʔ j u + n a k a,,Harrison1981,bark-2,
nhm-belly-1,,nhm,belly,tiints,tiints,t iː n ts,,Schoenhals1965,belly-1,
shm-belly-1,,shm,belly,mææts,mææts,m æː ts,,Cysouw2006,belly-5,
lm-belly-1,,lm,belly,moʔošak,moʔošak,m o ʔ o ʃ a k,,Hoogshagen1993,belly-2,
sap-belly-1,,sap,belly,tin-čay,tin-čay,t i n + tʃ a j,,Clark1961,belly-1,
olp-belly-1,,olp,belly,puʔpu,puʔpu,p u ʔ p u,,Clark1981,belly-3,
txp-belly-1,,txp,belly,tsek,tsek,ts e k,,Wichmann2002,belly-4,
chzmaria-belly-1,,chzmaria,belly,tsek,tsek,ts e k,,Knudson1980,belly-4,
chzmiguel-belly-1,,chzmiguel,belly,tsek,tsek,ts e k,,Johnson1998,belly-4,
chisz-belly-1,,chisz,belly,tsek,tsek,ts e k,,Harrison1981,belly-4,
nhm-big-1,,nhm,big,məh,məh,m ə h,,Schoenhals1965,big-1,
shm-big-1,,shm,big,məh,məh,m ə h,,Cysouw2006,big-1,
lm-big-1,,lm,big,məh,məh,m ə h,,Hoogshagen1993,big-1,
sap-big-1,,sap,big,məh,məh,m ə h,,Clark1961,big-1,
olp-big-1,,olp,big,taʔnək,taʔnək,t a ʔ n ə k,,Clark1981,big-2,
txp-big-1,,txp,big,wəəčeʔ,wəəčeʔ,w əː tʃ e ʔ,,Wichmann2002,big-3,
soz-big-1,,soz,big,məh,məh,m ə h,,Elson1999,big-1,
chzmaria-big-1,,chzmaria,big,wətiʔ,wətiʔ,w ə t i ʔ,,Knudson1980,big-3,
chzmiguel-big-1,,chzmiguel,big,komiʔ,komiʔ,k o m i ʔ,,Johnson1998,big-5,
chisz-big-1,,chisz,big,məha,məha,m ə h a,,Harrison1981,big-1,
nhm-bird-1,,nhm,bird,həəyva,həəyva,h əː j v a,,Schoenhals1965,bird-1,
shm-bird-1,,shm,bird,hoon,hoon,h oː n,,Cysouw2006,bird-2,
lm-bird-1,,lm,bird,hoon,hoon,h oː n,,Hoogshagen1993,bird-2,
sap-bird-1,,sap,bird,hohn,hohn,h o h n,,Clark1961,bird-2,
olp-bird-1,,olp,bird,muuši,muuši,m uː ʃ i,,Clark1981,bird-3,
txp-bird-1,,txp,bird,hon,hon,h o n,,Wichmann2002,bird-2,
soz-bird-1,,soz,bird,hon,hon,h o n,,Elson1999,bird-2,
chzmaria-bird-1,,chzmaria,bird,hon,hon,h o n,,Knudson1980,bird-2,
chzmiguel-bird-1,,chzmiguel,bird,hon,hon,h o n,,Johnson1998,bird-2,
chisz-bird-1,,chisz,bird,paloma,paloma,p a l o m a,,Harrison1981,bird-4,
nhm-bite-1,,nhm,bite,tsuʔuts,tsuʔuts,ts u ʔ u ts,,Schoenhals1965,bite-1,
shm-bite-1,,shm,bite,tsuʔuts,tsuʔuts,ts u ʔ u ts,,Cysouw2006,bite-1,
lm-bite-1,,lm,bite,noots,noots,n oː ts,,Hoogshagen1993,bite-2,
sap-bite-1,,sap,bite,kutoʔ,kutoʔ,k u t o ʔ,,Clark1961,bite-3,
olp-bite-1,,olp,bite,tsuʔts,tsuʔts,ts u ʔ ts,,Clark1981,bite-4,
txp-bite-1,,txp,bite,keʔts,keʔts,k e ʔ ts,,Wichmann2002,bite-5,
soz-bite-1,,soz,bite,was,was,w a s,,Elson1999,bite-6,
chzmiguel-bite-1,,chzmiguel,bite,waš,waš,w a ʃ,,Johnson1998,bite-6,
chisz-bite-1,,chisz,bite,keʔts,keʔts,k e ʔ ts,,Harrison1981,bite-5,
nhm-black-1,,nhm,black,yək,yək,j ə k,,Schoenhals1965,black-1,
shm-black-1,,shm,black,yəhk,yəhk,j ə h k,,Cysouw2006,black-1,
lm-black-1,,lm,black,yik,yik,j i k,,Hoogshagen1993,black-1,
sap-black-1,,sap,black,yəgək,yəgək,j ə g ə k,,Clark1961,black-2,
olp-black-1,,olp,black,yəkəʔk,yəkəʔk,j ə k ə ʔ k,,Clark1981,black-2,
txp-black-1,,txp,black,yək,yək,j ə k,,Wichmann2002,black-1,
soz-black-1,,soz,black,yək,yək,j ə k,,Elson1999,black-1,
chzmaria-black-1,,chzmaria,black,yək,yək,j ə k,,Knudson1980,black-1,
chzmiguel-black-1,,chzmiguel,black,yək-yək,yək-yək,j ə k + j ə k,,Johnson1998,black-1,
chisz-black-1,,chisz,black,yək,yək,j ə k,,Harrison1981,black-1,
nhm-blood-1,,nhm,blood,nïïʔpun,nïïʔpun,n ïï/ɨː ʔ p u n,,Schoenhals1965,blood-1,
shm-blood-1,,shm,blood,nəʔəpy,nəʔəpy,n ə ʔ ə p j,,Cysouw2006,blood-1,
lm-blood-1,,lm,blood,nəʔpy,nəʔpy,n ə ʔ p j,,Hoogshagen1993,blood-1,
sap-blood-1,,sap,blood,nipin,nipin,n i p i n,,Clark1961,blood-1,
olp-blood-1,,olp,blood,nəʔpiʔn,nəʔpiʔn,n ə ʔ p i ʔ n,,Clark1981,blood-1,
txp-blood-1,,txp,blood,dəʔəpeñ,dəʔəpeñ,d ə ʔ ə p e ɲ,,Wichmann2002,blood-1,
soz-blood-1,,soz,blood,nəʔəpiñ,nəʔəpiñ,n ə ʔ ə p i ɲ,,Elson1999,blood-1,
chzmaria-blood-1,,chzmaria,blood,nəʔpin,nəʔpin,n ə ʔ p i n,,Knudson1980,blood-1,
chzmiguel-blood-1,,chzmiguel,blood,nəpinʔ,nəpinʔ,n ə p i n ʔ,,Johnson1998,blood-1,
chisz-blood-1,,chisz,blood,nəʔpin,nəʔpin,n ə ʔ p i n,,Harrison1981,blood-1,
nhm-bone-1,,nhm,bone,pahk,pahk,p a h k,,Schoenhals1965,bone-1,
shm-bone-1,,shm,bone,pahk,pahk,p a h k,,Cysouw2006,bone-1,
lm-bone-1,,lm,bone,pahk,pahk,p a h k,,Hoogshagen1993,bone-1,
sap-bone-1,,sap,bone,pahk,pahk,p a h k,,Clark1961,bone-1,
olp-bone-1,,olp,bone,pakə,pakə,p a k ə,,Clark1981,bone-1,
txp-bone-1,,txp,bone,pak,pak,p a k,,Wichmann2002,bone-1,
soz-bone-1,,soz,bone,pak,pak,p a k,,Elson1999,bone-1,
chzmaria-bone-1,,chzmaria,bone,pak,pak,p a k,,Knudson1980,bone-1,
chzmiguel-bone-1,,chzmiguel,bone,pak,pak,p a k,,Johnson1998,bone-1,
chisz-bone-1,,chisz,bone,pak,pak,p a k,,Harrison1981,bone-1,
nhm-breast-1,,nhm,breast,hυʔtaa,hυʔtaa,h υ/ʊ ʔ t aː,,Schoenhals1965,breast-1,
shm-breast-1,,shm,breast,tsetsk,tsetsk,ts e ts k,,Cysouw2006,breast-2,
lm-breast-1,,lm,breast,tsiʔits-ʔaniʔikš,tsiʔits-ʔaniʔikš,ts i ʔ i ts + ʔ a n i ʔ i k ʃ,,Hoogshagen1993,breast-2,
sap-breast-1,,sap,breast,moʔy,moʔy,m o ʔ j,,Clark1961,breast-3,
txp-breast-1,,txp,breast,duun,duun,d uː n,,Wichmann2002,breast-4,
soz-breast-1,,soz,breast,nuunu,nuunu,n uː n u,,Elson1999,breast-4,
chzmiguel-breast-1,,chzmiguel,breast,tsuʔts-iʔ,tsuʔts-iʔ,ts u ʔ ts + i ʔ,,Johnson1998,breast-5,
chisz-breast-1,,chisz,breast,tsuʔtsi,tsuʔtsi,ts u ʔ ts i,,Harrison1981,breast-5,
nhm-burntr-1,,nhm,burntr,tooy ~ toohy ~ toy,tooy,t oː j,,Schoenhals1965,burntr-1,
shm-burntr-1,,shm,burntr,tsaʔay,tsaʔay,ts a ʔ a j,,Cysouw2006,burntr-8,
lm-burntr-1,,lm,burntr,noʔok,noʔok,n o ʔ o k,,Hoogshagen1993,burntr-2,
sap-burntr-1,,sap,burntr,ak-toy,ak-toy,a k + t o j,,Clark1961,burntr-3,
olp-burntr-1,,olp,burntr,yak-toy,yak-toy,j a k + t o j,,Clark1981,burntr-3,
txp-burntr-1,,txp,burntr,doʔ-tokeñ,doʔ-tokeñ,d o ʔ + t o k e ɲ,,Wichmann2002,burntr-5,
soz-burntr-1,,soz,burntr,noʔ,noʔ,n o ʔ,,Elson1999,burntr-6,
chzmaria-burntr-1,,chzmaria,burntr,kəŋ,kəŋ,k ə ŋ,,Knudson1980,burntr-7,
chzmiguel-burntr-1,,chzmiguel,burntr,poŋ,poŋ,p o ŋ,,Johnson1998,burntr-4,
chisz-burntr-1,,chisz,burntr,poŋ,poŋ,p o ŋ,,Harrison1981,burntr-4,
nhm-clawnail-1,,nhm,clawnail,šəəʔk,šəəʔk,ʃ əː ʔ k,,Schoenhals1965,clawnail-1,
shm-clawnail-1,,shm,clawnail,šooky,šooky,ʃ oː k j,,Cysouw2006,clawnail-1,
lm-clawnail-1,,lm,clawnail,šooky,šooky,ʃ oː k j,,Hoogshagen1993,clawnail-1,
sap-clawnail-1,,sap,clawnail,šoohk,šoohk,ʃ oː h k,,Clark1961,clawnail-1,
olp-clawnail-1,,olp,clawnail,šooki,šooki,ʃ oː k i,,Clark1981,clawnail-1,
txp-clawnail-1,,txp,clawnail,kəʔ-tsuʔks,kəʔ-tsuʔks,k ə ʔ + ts u ʔ k s,,Wichmann2002,clawnail-2,
soz-clawnail-1,,soz,clawnail,kətsəs,kətsəs,k ə ts ə s,,Elson1999,clawnail-2,
chzmaria-clawnail-1,,chzmaria,clawnail,kətsus,kətsus,k ə ts u s,,Knudson1980,clawnail-2,
chzmiguel-clawnail-1,,chzmiguel,clawnail,kəʔtsuš,kəʔtsuš,k ə ʔ ts u ʃ,,Johnson1998,clawnail-2,
chisz-clawnail-1,,chisz,clawnail,kəʔčus,kəʔčus,k ə ʔ tʃ u s,,Harrison1981,clawnail-2,
nhm-cloud-1,,nhm,cloud,vinïts,vinïts,v i n ɨ ts,,Schoenhals1965,cloud-1,
shm-cloud-1,,shm,cloud,nəmaʔa,nəmaʔa,n ə m a ʔ a,,Cysouw2006,cloud-5,
lm-cloud-1,,lm,cloud,hok,hok,h o k,,Hoogshagen1993,cloud-2,
sap-cloud-1,,sap,cloud,win-tuk,win-tuk,w i n + t u k,,Clark1961,cloud-1,
olp-cloud-1,,olp,cloud,vin-hoyeʔk,vin-hoyeʔk,v i n + h o j e ʔ k,,Clark1981,cloud-1,
txp-cloud-1,,txp,cloud,ʔuʔksuʔ,ʔuʔksuʔ,ʔ u ʔ k s u ʔ,,Wichmann2002,cloud-4,
soz-cloud-1,,soz,cloud,uksə,uksə,u k s ə,,Elson1999,cloud-4,
chzmiguel-cloud-1,,chzmiguel,cloud,ʔin-əʔ,ʔin-əʔ,ʔ i n + ə ʔ,,Johnson1998,cloud-1,
chisz-cloud-1,,chisz,cloud,oʔna,oʔna,o ʔ n a,,Harrison1981,cloud-3,
nhm-cold-1,,nhm,cold,šuš,šuš,ʃ u ʃ,,Schoenhals1965,cold-1,
shm-cold-1,,shm,cold,šuš,šuš,ʃ u ʃ,,Cysouw2006,cold-1,
lm-cold-1,,lm,cold,təč,təč,t ə tʃ,,Hoogshagen1993,cold-2,
sap-cold-1,,sap,cold,payik,payik,p a j i k,,Clark1961,cold-3,
olp-cold-1,,olp,cold,tušəʔk,tušəʔk,t u ʃ ə ʔ k,,Clark1981,cold-4,
txp-cold-1,,txp,cold,paak,paak,p aː k,,Wichmann2002,cold-5,
soz-cold-1,,soz,cold,pagak,pagak,p a g a k,,Elson1999,cold-5,
chzmaria-cold-1,,chzmaria,cold,wayaʔy,wayaʔy,w a j a ʔ j,,Knudson1980,cold-6,
chzmiguel-cold-1,,chzmiguel,cold,wayayʔ,wayayʔ,w a j a j ʔ,,Johnson1998,cold-6,
chisz-cold-1,,chisz,cold,pakak,pakak,p a k a k,,Harrison1981,cold-5,
nhm-come-1,,nhm,come,mεts ~ mεhts,mɛts,m ɛ ts,,Schoenhals1965,come-1,
shm-come-1,,shm,come,men,men,m e n,,Cysouw2006,come-2,
lm-come-1,,lm,come,min,min,m i n,,Hoogshagen1993,come-2,
sap-come-1,,sap,come,min ~ miʔn,min,m i n,,Clark1961,come-3,
olp-come-1,,olp,come,min ~ miʔn,min,m i n,,Clark1981,come-3,
txp-come-1,,txp,come,beñ,beñ,b e ɲ,,Wichmann2002,come-2,
soz-come-1,,soz,come,miñ,miñ,m i ɲ,,Elson1999,come-2,
chzmaria-come-1,,chzmaria,come,min,min,m i n,,Knudson1980,come-2,
chzmiguel-come-1,,chzmiguel,come,min,min,m i n,,Johnson1998,come-2,
chisz-come-1,,chisz,come,min,min,m i n,,Harrison1981,come-2,
nhm-die-1,,nhm,die,ooʔk,ooʔk,oː ʔ k,,Schoenhals1965,die-1,
shm-die-1,,shm,die,ook,ook,oː k,,Cysouw2006,die-1,
lm-die-1,,lm,die,oʔok,oʔok,o ʔ o k,,Hoogshagen1993,die-1,
sap-die-1,,sap,die,oʔk,oʔk,o ʔ k,,Clark1961,die-1,
olp-die-1,,olp,die,ook,ook,oː k,,Clark1981,die-1,
txp-die-1,,txp,die,kaʔ,kaʔ,k a ʔ,,Wichmann2002,die-2,
soz-die-1,,soz,die,kaʔ,kaʔ,k a ʔ,,Elson1999,die-2,
chzmaria-die-1,,chzmaria,die,kaʔh,kaʔh,k a ʔ h,,Knudson1980,die-2,
chzmiguel-die-1,,chzmiguel,die,kaʔ,kaʔ,k a ʔ,,Johnson1998,die-2,
chisz-die-1,,chisz,die,kaʔ,kaʔ,k a ʔ,,Harrison1981,die-2,
nhm-dog-1,,nhm,dog,υk,υk,υ/ʊ k,,Schoenhals1965,dog-1,
shm-dog-1,,shm,dog,uk,uk,u k,,Cysouw2006,dog-1,
lm-dog-1,,lm,dog,uk,uk,u k,,Hoogshagen1993,dog-1,
sap-dog-1,,sap,dog,tak,tak,t a k,,Clark1961,dog-2,
olp-dog-1,,olp,dog,šuʔni,šuʔni,ʃ u ʔ n i,,Clark1981,dog-3,
txp-dog-1,,txp,dog,čempaʔ,čempaʔ,tʃ e m p a ʔ,,Wichmann2002,dog-5,
soz-dog-1,,soz,dog,čimpa,čimpa,tʃ i m p a,,Elson1999,dog-5,
chzmaria-dog-1,,chzmaria,dog,nuʔu,nuʔu,n u ʔ u,,Knudson1980,dog-6,
chzmiguel-dog-1,,chzmiguel,dog,nuʔ,nuʔ,n u ʔ,,Johnson1998,dog-6,
chisz-dog-1,,chisz,dog,tuwi,tuwi,t u w i,,Harrison1981,dog-4,
nhm-drink-1,,nhm,drink,υυk,υυk,υː/ʊː k,,Schoenhals1965,drink-1,
shm-drink-1,,shm,drink,uuk,uuk,uː k,,Cysouw2006,drink-1,
lm-drink-1,,lm,drink,uk,uk,u k,,Hoogshagen1993,drink-1,
sap-drink-1,,sap,drink,uuk ~ uʔk,uuk,uː k,,Clark1961,drink-2,
olp-drink-1,,olp,drink,uuk,uuk,uː k,,Clark1981,drink-2,
txp-drink-1,,txp,drink,ʔuk,ʔuk,ʔ u k,,Wichmann2002,drink-1,
soz-drink-1,,soz,drink,uk,uk,u k,,Elson1999,drink-1,
chzmaria-drink-1,,chzmaria,drink,uk,uk,u k,,Knudson1980,drink-1,
chzmiguel-drink-1,,chzmiguel,drink,ʔuk,ʔuk,ʔ u k,,Johnson1998,drink-1,
chisz-drink-1,,chisz,drink,uhk,uhk,u h k,,Harrison1981,drink-1,
nhm-dry-1,,nhm,dry,təʔəhts,təʔəhts,t ə ʔ ə h ts,,Schoenhals1965,dry-1,
shm-dry-1,,shm,dry,təʔəts,təʔəts,t ə ʔ ə ts,,Cysouw2006,dry-1,
lm-dry-1,,lm,dry,təʔəts,təʔəts,t ə ʔ ə ts,,Hoogshagen1993,dry-1,
sap-dry-1,,sap,dry,kuytəʔts,kuytəʔts,k u j t ə ʔ ts,,Clark1961,dry-1,
olp-dry-1,,olp,dry,təʔəʔs,təʔəʔs,t ə ʔ ə ʔ s,,Clark1981,dry-1,
txp-dry-1,,txp,dry,təts-kaʔ,təts-kaʔ,t ə ts + k a ʔ,,Wichmann2002,dry-1,
soz-dry-1,,soz,dry,ku-təts,ku-təts,k u + t ə ts,,Elson1999,dry-1,
chzmaria-dry-1,,chzmaria,dry,yak-yəts,yak-yəts,j a k + j ə ts,,Knudson1980,dry-1,
chzmiguel-dry-1,,chzmiguel,dry,təts-iʔ,təts-iʔ,t ə ts + i ʔ,,Johnson1998,dry-1,
chisz-dry-1,,chisz,dry,təʔts,təʔts,t ə ʔ ts,,Harrison1981,dry-1,
nhm-ear-1,,nhm,ear,taatsk,taatsk,t aː ts k,,Schoenhals1965,ear-1,
shm-ear-1,,shm,ear,tatsk,tatsk,t a ts k,,Cysouw2006,ear-1,
lm-ear-1,,lm,ear,tətsʔak,tətsʔak,t ə ts ʔ a k,,Hoogshagen1993,ear-1,
sap-ear-1,,sap,ear,taatsək,taatsək,t aː ts ə k,,Clark1961,ear-1,
olp-ear-1,,olp,ear,taatsəək,taatsəək,t aː ts əː k,,Clark1981,ear-1,
txp-ear-1,,txp,ear,taatsək,taatsək,t aː ts ə k,,Wichmann2002,ear-1,
soz-ear-1,,soz,ear,taatsək,taatsək,t aː ts ə k,,Elson1999,ear-1,
chzmaria-ear-1,,chzmaria,ear,tatsək,tatsək,t a ts ə k,,Knudson1980,ear-1,
chzmiguel-ear-1,,chzmiguel,ear,tatsək,tatsək,t a ts ə k,,Johnson1998,ear-1,
chisz-ear-1,,chisz,ear,tatsək,tatsək,t a ts ə k,,Harrison1981,ear-1,
nhm-earth-1,,nhm,earth,naaš,naaš,n aː ʃ,,Schoenhals1965,earth-1,
shm-earth-1,,shm,earth,naš-wiʔñət,naš-wiʔñət,n a ʃ + w i ʔ ɲ ə t,,Cysouw2006,earth-1,
lm-earth-1,,lm,earth,naaš,naaš,n aː ʃ,,Hoogshagen1993,earth-1,
sap-earth-1,,sap,earth,naaš,naaš,n aː ʃ,,Clark1961,earth-1,
olp-earth-1,,olp,earth,naašə,naašə,n aː ʃ ə,,Clark1981,earth-1,
txp-earth-1,,txp,earth,das,das,d a s,,Wichmann2002,earth-1,
soz-earth-1,,soz,earth,nas,nas,n a s,,Elson1999,earth-1,
chzmaria-earth-1,,chzmaria,earth,nas,nas,n a s,,Knudson1980,earth-1,
chzmiguel-earth-1,,chzmiguel,earth,naš,naš,n a ʃ,,Johnson1998,earth-1,
chisz-earth-1,,chisz,earth,nas,nas,n a s,,Harrison1981,earth-1,
nhm-eat-1,,nhm,eat,kay,kay,k a j,,Schoenhals1965,eat-1,
shm-eat-1,,shm,eat,kæy,kæy,k æ j,,Cysouw2006,eat-2,
lm-eat-1,,lm,eat,kay,kay,k a j,,Hoogshagen1993,eat-2,
sap-eat-1,,sap,eat,kay,kay,k a j,,Clark1961,eat-2,
olp-eat-1,,olp,eat,kay,kay,k a j,,Clark1981,eat-2,
txp-eat-1,,txp,eat,kəʔəs,kəʔəs,k ə ʔ ə s,,Wichmann2002,eat-3,
soz-eat-1,,soz,eat,kəʔəs,kəʔəs,k ə ʔ ə s,,Elson1999,eat-3,
chzmaria-eat-1,,chzmaria,eat,kəʔs-oy,kəʔs-oy,k ə ʔ s + o j,,Knudson1980,eat-3,
chzmiguel-eat-1,,chzmiguel,eat,kəš,kəš,k ə ʃ,,Johnson1998,eat-3,
chisz-eat-1,,chisz,eat,kəʔs,kəʔs,k ə ʔ s,,Harrison1981,eat-3,
nhm-egg-1,,nhm,egg,tuʔut,tuʔut,t u ʔ u t,,Schoenhals1965,egg-1,
shm-egg-1,,shm,egg,tutsah,tutsah,t u ts a h,,Cysouw2006,egg-1,
lm-egg-1,,lm,egg,tuʔuty,tuʔuty,t u ʔ u t j,,Hoogshagen1993,egg-1,
sap-egg-1,,sap,egg,kooy,kooy,k oː j,,Clark1961,egg-2,
olp-egg-1,,olp,egg,tuʔtiʔk,tuʔtiʔk,t u ʔ t i ʔ k,,Clark1981,egg-1,
txp-egg-1,,txp,egg,kaʔnpuk,kaʔnpuk,k a ʔ n p u k,,Wichmann2002,egg-4,
soz-egg-1,,soz,egg,kanpu,kanpu,k a n p u,,Elson1999,egg-4,
chzmaria-egg-1,,chzmaria,egg,poʔok,poʔok,p o ʔ o k,,Knudson1980,egg-3,
chzmiguel-egg-1,,chzmiguel,egg,pohoʔk,pohoʔk,p o h o ʔ k,,Johnson1998,egg-3,
chisz-egg-1,,chisz,egg,poka,poka,p o k a,,Harrison1981,egg-3,
nhm-eye-1,,nhm,eye,viihn,viihn,v iː h n,,Schoenhals1965,eye-1,
shm-eye-1,,shm,eye,ween,ween,w eː n,,Cysouw2006,eye-1,
lm-eye-1,,lm,eye,wiin,wiin,w iː n,,Hoogshagen1993,eye-1,
sap-eye-1,,sap,eye,wihn,wihn,w i h n,,Clark1961,eye-1,
olp-eye-1,,olp,eye,vinə,vinə,v i n ə,,Clark1981,eye-1,
txp-eye-1,,txp,eye,ʔeš-kuʔ,ʔeš-kuʔ,ʔ e ʃ + k u ʔ,,Wichmann2002,eye-2,
soz-eye-1,,soz,eye,iš-kuy,iš-kuy,i ʃ + k u j,,Elson1999,eye-2,
chzmaria-eye-1,,chzmaria,eye,witəm,witəm,w i t ə m,,Knudson1980,eye-3,
chzmiguel-eye-1,,chzmiguel,eye,wotəm,wotəm,w o t ə m,,Johnson1998,eye-3,
chisz-eye-1,,chisz,eye,win,win,w i n,,Harrison1981,eye-1,
nhm-fatn-1,,nhm,fatn,on,on,o n,,Schoenhals1965,fatn-1,
shm-fatn-1,,shm,fatn,on,on,o n,,Cysouw2006,fatn-1,
lm-fatn-1,,lm,fatn,wiin-ʔomb,wiin-ʔomb,w iː n + ʔ o m b,,Hoogshagen1993,fatn-2,
sap-fatn-1,,sap,fatn,oʔtsək,oʔtsək,o ʔ ts ə k,,Clark1961,fatn-3,
olp-fatn-1,,olp,fatn,ona,ona,o n a,,Clark1981,fatn-1,
soz-fatn-1,,soz,fatn,pəhi,pəhi,p ə h i,,Elson1999,fatn-5,
chzmaria-fatn-1,,chzmaria,fatn,grasa,grasa,g r a s a,,Knudson1980,fatn-6,
chzmiguel-fatn-1,,chzmiguel,fatn,yew-eʔ,yew-eʔ,j e w + e ʔ,,Johnson1998,fatn-7,
chisz-fatn-1,,chisz,fatn,kiʔnə,kiʔnə,k i ʔ n ə,,Harrison1981,fatn-4,
nhm-feather-1,,nhm,feather,pahk,pahk,p a h k,,Schoenhals1965,feather-1,
shm-feather-1,,shm,feather,pəhk,pəhk,p ə h k,,Cysouw2006,feather-1,
lm-feather-1,,lm,feather,tseyñiʔi-bəhk,tseyñiʔi-bəhk,ts e j ɲ i ʔ i + b ə h k,,Hoogshagen1993,feather-2,
olp-feather-1,,olp,feather,pəkə,pəkə,p ə k ə,,Clark1981,feather-1,
txp-feather-1,,txp,feather,pək,pək,p ə k,,Wichmann2002,feather-1,
soz-feather-1,,soz,feather,pək,pək,p ə k,,Elson1999,feather-1,
chzmaria-feather-1,,chzmaria,feather,pək,pək,p ə k,,Knudson1980,feather-1,
chzmiguel-feather-1,,chzmiguel,feather,pək,pək,p ə k,,Johnson1998,feather-1,
chisz-feather-1,,chisz,feather,pək,pək,p ə k,,Harrison1981,feather-1,
nhm-fire-1,,nhm,fire,həəhn,həəhn,h əː h n,,Schoenhals1965,fire-1,
shm-fire-1,,shm,fire,həən,həən,h əː n,,Cysouw2006,fire-1,
lm-fire-1,,lm,fire,həən,həən,h əː n,,Hoogshagen1993,1,
sap-fire-1,,sap,fire,həhn,həhn,h ə h n,,Clark1961,fire-1,
olp-fire-1,,olp,fire,hənə,hənə,h ə n ə,,Clark1981,fire-1,
txp-fire-1,,txp,fire,hukut,hukut,h u k u t,,Wichmann2002,fire-2,
soz-fire-1,,soz,fire,huktə,huktə,h u k t ə,,Elson1999,fire-2,
chzmaria-fire-1,,chzmaria,fire,hukutə,hukutə,h u k u t ə,,Knudson1980,fire-2,
chzmiguel-fire-1,,chzmiguel,fire,ʔaʔts-əʔ,ʔaʔts-əʔ,ʔ a ʔ ts + ə ʔ,,Johnson1998,fire-3,
chisz-fire-1,,chisz,fire,hukətək,hukətək,h u k ə t ə k,,Harrison1981,fire-2,
nhm-fish-1,,nhm,fish,ahkš,ahkš,a h k ʃ,,Schoenhals1965,fish-1,
shm-fish-1,,shm,fish,akš,akš,a k ʃ,,Cysouw2006,fish-1,
lm-fish-1,,lm,fish,akš,akš,a k ʃ,,Hoogshagen1993,fish-1,
sap-fish-1,,sap,fish,akš,akš,a k ʃ,,Clark1961,fish-1,
olp-fish-1,,olp,fish,koʔke,koʔke,k o ʔ k e,,Clark1981,fish-2,
txp-fish-1,,txp,fish,woʔŋ,woʔŋ,w o ʔ ŋ,,Wichmann2002,fish-3,
soz-fish-1,,soz,fish,təʔəpə,təʔəpə,t ə ʔ ə p ə,,Elson1999,fish-4,
chzmaria-fish-1,,chzmaria,fish,koke,koke,k o k e,,Knudson1980,fish-2,
chzmiguel-fish-1,,chzmiguel,fish,koke,koke,k o k e,,Johnson1998,fish-2,
chisz-fish-1,,chisz,fish,kokeh,kokeh,k o k e h,,Harrison1981,fish-2,
nhm-flyv-1,,nhm,flyv,hεy ~ hεεy,hɛy,h ɛ j,,Schoenhals1965,flyv-1,
shm-flyv-1,,shm,flyv,kæhkəʔək,kæhkəʔək,k æ h k ə ʔ ə k,,Cysouw2006,flyv-2,
lm-flyv-1,,lm,flyv,keek,keek,k eː k,,Hoogshagen1993,flyv-2,
sap-flyv-1,,sap,flyv,keek ~ keʔk,keek,k eː k,,Clark1961,flyv-2,
olp-flyv-1,,olp,flyv,napap,napap,n a p a p,,Clark1981,flyv-3,
txp-flyv-1,,txp,flyv,kek,kek,k e k,,Wichmann2002,flyv-2,
soz-flyv-1,,soz,flyv,kek,kek,k e k,,Elson1999,flyv-2,
chzmaria-flyv-1,,chzmaria,flyv,kek,kek,k e k,,Knudson1980,flyv-2,
chzmiguel-flyv-1,,chzmiguel,flyv,yuk-kek,yuk-kek,j u k + k e k,,Johnson1998,flyv-2,
chisz-flyv-1,,chisz,flyv,sitiht,sitiht,s i t i h t,,Harrison1981,flyv-4,
nhm-foot-1,,nhm,foot,tek,tek,t e k,,Schoenhals1965,foot-1,
shm-foot-1,,shm,foot,teky,teky,t e k j,,Cysouw2006,foot-1,
lm-foot-1,,lm,foot,teky,teky,t e k j,,Hoogshagen1993,foot-1,
sap-foot-1,,sap,foot,tan,tan,t a n,,Clark1961,foot-2,
olp-foot-1,,olp,foot,kəʔšta,kəʔšta,k ə ʔ ʃ t a,,Clark1981,foot-3,
txp-foot-1,,txp,foot,pak,pak,p a k,,Wichmann2002,foot-5,
soz-foot-1,,soz,foot,puy,puy,p u j,,Elson1999,foot-6,
chzmaria-foot-1,,chzmaria,foot,maŋ-kuʔy,maŋ-kuʔy,m a ŋ + k u ʔ j,,Knudson1980,foot-7,
chzmiguel-foot-1,,chzmiguel,foot,maŋ-kuyʔ,maŋ-kuyʔ,m a ŋ + k u j ʔ,,Johnson1998,foot-7,
chisz-foot-1,,chisz,foot,neʔŋ-bak,neʔŋ-bak,n e ʔ ŋ + b a k,,Harrison1981,foot-4,
nhm-full-1,,nhm,full,uts,uts,u ts,,Schoenhals1965,full-1,
shm-full-1,,shm,full,uhts,uhts,u h ts,,Cysouw2006,full-1,
lm-full-1,,lm,full,kuʔušy,kuʔušy,k u ʔ u ʃ j,,Hoogshagen1993,full-2,
sap-full-1,,sap,full,patsik,patsik,p a ts i k,,Clark1961,full-3,
olp-full-1,,olp,full,utsi,utsi,u ts i,,Clark1981,full-1,
txp-full-1,,txp,full,kus-deʔ,kus-deʔ,k u s + d e ʔ,,Wichmann2002,full-6,
soz-full-1,,soz,full,kus-ne,kus-ne,k u s + n e,,Elson1999,full-6,
chzmaria-full-1,,chzmaria,full,yag-aŋ-tas,yag-aŋ-tas,j a g + a ŋ + t a s,,Knudson1980,full-7,
chzmiguel-full-1,,chzmiguel,full,taš-əʔ,taš-əʔ,t a ʃ + ə ʔ,,Johnson1998,full-7,
chisz-full-1,,chisz,full,hoʔəyupə,hoʔəyupə,h o ʔ ə j u p ə,,Harrison1981,full-5,
nhm-give-1,,nhm,give,məʔə,məʔə,m ə ʔ ə,,Schoenhals1965,give-1,
shm-give-1,,shm,give,yak,yak,j a k,,Cysouw2006,give-3,
lm-give-1,,lm,give,moʔ,moʔ,m o ʔ,,Hoogshagen1993,give-1,
sap-give-1,,sap,give,moy ~ moʔ,moy,m o j,,Clark1961,give-1,
olp-give-1,,olp,give,moy ~ moʔ,moy,m o j,,Clark1981,give-1,
txp-give-1,,txp,give,čeʔ,čeʔ,tʃ e ʔ,,Wichmann2002,give-2,
soz-give-1,,soz,give,čiʔ,čiʔ,tʃ i ʔ,,Elson1999,give-2,
chzmaria-give-1,,chzmaria,give,tsiʔ,tsiʔ,ts i ʔ,,Knudson1980,give-2,
chzmiguel-give-1,,chzmiguel,give,tsiʔ,tsiʔ,ts i ʔ,,Johnson1998,give-2,
chisz-give-1,,chisz,give,čiʔ,čiʔ,tʃ i ʔ,,Harrison1981,give-2,
nhm-good-1,,nhm,good,oy,oy,o j,,Schoenhals1965,good-1,
shm-good-1,,shm,good,ey,ey,e j,,Cysouw2006,good-1,
lm-good-1,,lm,good,oy,oy,o j,,Hoogshagen1993,good-1,
sap-good-1,,sap,good,oy,oy,o j,,Clark1961,good-1,
olp-good-1,,olp,good,(ni)oya,oya,o j a,,Clark1981,good-1,
txp-good-1,,txp,good,wəə,wəə,w əː,,Wichmann2002,good-2,
soz-good-1,,soz,good,wəə,wəə,w əː,,Elson1999,good-2,
chzmiguel-good-1,,chzmiguel,good,wəhə,wəhə,w ə h ə,,Johnson1998,good-2,
chisz-good-1,,chisz,good,oye,oye,o j e,,Harrison1981,good-1,
nhm-green-1,,nhm,green,tsυšk,tsυšk,ts υ/ʊ ʃ k,,Schoenhals1965,green-1,
shm-green-1,,shm,green,tsušk,tsušk,ts u ʃ k,,Cysouw2006,green-1,
lm-green-1,,lm,green,tsuš,tsuš,ts u ʃ,,Hoogshagen1993,green-1,
sap-green-1,,sap,green,šušuk,šušuk,ʃ u ʃ u k,,Clark1961,green-1,
olp-green-1,,olp,green,tušuʔk,tušuʔk,t u ʃ u ʔ k,,Clark1981,green-1,
txp-green-1,,txp,green,tsuus,tsuus,ts uː s,,Wichmann2002,green-1,
soz-green-1,,soz,green,tsuus,tsuus,ts uː s,,Elson1999,green-1,
chzmaria-green-1,,chzmaria,green,tsuhus,tsuhus,ts u h u s,,Knudson1980,green-1,
chzmiguel-green-1,,chzmiguel,green,tsuš,tsuš,ts u ʃ,,Johnson1998,green-1,
chisz-green-1,,chisz,green,tsuhtsu,tsuhtsu,ts u h ts u,,Harrison1981,green-1,
nhm-hair-1,,nhm,hair,vaahy,vaahy,v aː h j,,Schoenhals1965,hair-1,
shm-hair-1,,shm,hair,waay,waay,w aː j,,Cysouw2006,hair-1,
lm-hair-1,,lm,hair,waay,waay,w aː j,,Hoogshagen1993,hair-1,
txp-hair-1,,txp,hair,waʔy,waʔy,w a ʔ j,,Wichmann2002,hair-1,
soz-hair-1,,soz,hair,way,way,w a j,,Elson1999,hair-1,
chzmaria-hair-1,,chzmaria,hair,waʔy,waʔy,w a ʔ j,,Knudson1980,hair-1,
chzmiguel-hair-1,,chzmiguel,hair,wayʔ,wayʔ,w a j ʔ,,Johnson1998,hair-1,
chisz-hair-1,,chisz,hair,way,way,w a j,,Harrison1981,hair-1,
sap-hair-1,,sap,hair,pəhk,pəhk,p ə h k,,Clark1961,hair-1,
olp-hair-1,,olp,hair,pəkə,pəkə,p ə k ə,,Clark1981,hair-1,
chisz-hair-2,,chisz,hair,pək,pək,p ə k,,Harrison1981,hair-1,
nhm-hand-1,,nhm,hand,kəʔə,kəʔə,k ə ʔ ə,,Schoenhals1965,hand-1,
shm-hand-1,,shm,hand,kəʔə,kəʔə,k ə ʔ ə,,Cysouw2006,hand-1,
lm-hand-1,,lm,hand,kəʔ,kəʔ,k ə ʔ,,Hoogshagen1993,hand-1,
sap-hand-1,,sap,hand,kəʔ,kəʔ,k ə ʔ,,Clark1961,hand-1,
olp-hand-1,,olp,hand,kəʔ,kəʔ,k ə ʔ,,Clark1981,hand-1,
txp-hand-1,,txp,hand,kəʔ,kəʔ,k ə ʔ,,Wichmann2002,hand-1,
soz-hand-1,,soz,hand,kə,kə,k ə,,Elson1999,hand-1,
chzmaria-hand-1,,chzmaria,hand,kəʔ,kəʔ,k ə ʔ,,Knudson1980,hand-1,
chzmiguel-hand-1,,chzmiguel,hand,tsaŋ-kuyʔ,tsaŋ-kuyʔ,ts a ŋ + k u j ʔ,,Johnson1998,hand-2,
chisz-hand-1,,chisz,hand,kəʔ,kəʔ,k ə ʔ,,Harrison1981,hand-1,
nhm-head-1,,nhm,head,kuvahk,kuvahk,k u v a h k,,Schoenhals1965,head-1,
shm-head-1,,shm,head,kəpaahk,kəpaahk,k ə p aː h k,,Cysouw2006,head-1,
lm-head-1,,lm,head,kowahk,kowahk,k o w a h k,,Hoogshagen1993,head-1,
sap-head-1,,sap,head,kopak,kopak,k o p a k,,Clark1961,head-1,
olp-head-1,,olp,head,koʔpaʔk,koʔpaʔk,k o ʔ p a ʔ k,,Clark1981,head-1,
txp-head-1,,txp,head,kopək,kopək,k o p ə k,,Wichmann2002,head-1,
soz-head-1,,soz,head,koobak,koobak,k oː b a k,,Elson1999,head-1,
chzmaria-head-1,,chzmaria,head,waʔy,waʔy,w a ʔ j,,Knudson1980,head-2,
chzmiguel-head-1,,chzmiguel,head,kopak,kopak,k o p a k,,Johnson1998,head-1,
chisz-head-1,,chisz,head,kopak,kopak,k o p a k,,Harrison1981,head-1,
nhm-hear-1,,nhm,hear,motu,motu,m o t u,,Schoenhals1965,hear-1,
shm-hear-1,,shm,hear,mətoo,mətoo,m ə t oː,,Cysouw2006,hear-1,
lm-hear-1,,lm,hear,mədoogugəʔ,mədoogugəʔ,m ə d oː g u g ə ʔ,,Hoogshagen1993,hear-1,
sap-hear-1,,sap,hear,maraw,maraw,m a r a w,,Clark1961,hear-1,
olp-hear-1,,olp,hear,motov,motov,m o t o v,,Clark1981,hear-1,
txp-hear-1,,txp,hear,batəŋ,batəŋ,b a t ə ŋ,,Wichmann2002,hear-1,
soz-hear-1,,soz,hear,aŋ-təən,aŋ-təən,a ŋ + t əː n,,Elson1999,hear-2,
chzmaria-hear-1,,chzmaria,hear,matoŋ,matoŋ,m a t o ŋ,,Knudson1980,hear-1,
chzmiguel-hear-1,,chzmiguel,hear,matoŋ,matoŋ,m a t o ŋ,,Johnson1998,hear-1,
chisz-hear-1,,chisz,hear,matoŋ,matoŋ,m a t o ŋ,,Harrison1981,hear-1,
nhm-heart-1,,nhm,heart,haʔvin,haʔvin,h a ʔ v i n,,Schoenhals1965,heart-1,
shm-heart-1,,shm,heart,anmə-haʔan,anmə-haʔan,a n m ə + h a ʔ a n,,Cysouw2006,heart-4,
lm-heart-1,,lm,heart,huuky-hot,huuky-hot,h uː k j + h o t,,Hoogshagen1993,heart-2,
olp-heart-1,,olp,heart,hutukotə,hutukotə,h u t u k o t ə,,Clark1981,heart-2,
txp-heart-1,,txp,heart,tsookoʔ,tsookoʔ,ts oː k o ʔ,,Wichmann2002,heart-3,
soz-heart-1,,soz,heart,aanamah,aanamah,aː n a m a h,,Elson1999,heart-4,
chzmaria-heart-1,,chzmaria,heart,tsokoʔy,tsokoʔy,ts o k o ʔ j,,Knudson1980,heart-3,
chzmiguel-heart-1,,chzmiguel,heart,tsokoyʔ,tsokoyʔ,ts o k o j ʔ,,Johnson1998,heart-3,
chisz-heart-1,,chisz,heart,tsokoy,tsokoy,ts o k o j,,Harrison1981,heart-3,
nhm-horn-1,,nhm,horn,vah,vah,v a h,,Schoenhals1965,horn-1,
shm-horn-1,,shm,horn,wah,wah,w a h,,Cysouw2006,horn-1,
lm-horn-1,,lm,horn,muʔn,muʔn,m u ʔ n,,Hoogshagen1993,horn-2,
sap-horn-1,,sap,horn,wah,wah,w a h,,Clark1961,horn-1,
olp-horn-1,,olp,horn,vaha,vaha,v a h a,,Clark1981,horn-1,
txp-horn-1,,txp,horn,waaŋaʔ,waaŋaʔ,w aː ŋ a ʔ,,Wichmann2002,horn-1,
chzmiguel-horn-1,,chzmiguel,horn,wekaʔ,wekaʔ,w e k a ʔ,,Johnson1998,horn-3,
chisz-horn-1,,chisz,horn,waʔ,waʔ,w a ʔ,,Harrison1981,horn-1,
nhm-i-1,,nhm,i,əts,əts,ə ts,,Schoenhals1965,i-1,
shm-i-1,,shm,i,əts,əts,ə ts,,Cysouw2006,i-1,
lm-i-1,,lm,i,əəč,əəč,əː tʃ,,Hoogshagen1993,i-1,
sap-i-1,,sap,i,"əə, əəts",əə,əː,,Clark1961,i-1,
sap-i-2,,sap,i,"əə, əəts",əəts,əː ts,,Clark1961,i-1,
olp-i-1,,olp,i,əəs,əəs,əː s,,Clark1981,i-1,
txp-i-1,,txp,i,ʔətsəʔ,ʔətsəʔ,ʔ ə ts ə ʔ,,Wichmann2002,i-1,
soz-i-1,,soz,i,əč,əč,ə tʃ,,Elson1999,i-1,
chzmaria-i-1,,chzmaria,i,ətstsiʔ,ətstsiʔ,ə tsː i ʔ,,Knudson1980,i-1,
chzmiguel-i-1,,chzmiguel,i,də-š,də-š,d ə + ʃ,,Johnson1998,i-2,
chisz-i-1,,chisz,i,əh,əh,ə h,,Harrison1981,i-1,
nhm-kill-1,,nhm,kill,yak-ʔook ~ yak-ʔooʔk,yak-ook,j a k + oː k,,Schoenhals1965,kill-1,
shm-kill-1,,shm,kill,æk-ook,æk-ook,æ k + oː k,,Cysouw2006,kill-1,
lm-kill-1,,lm,kill,yah-ʔoʔok,yah-ʔoʔok,j a h + ʔ o ʔ o k,,Hoogshagen1993,kill-1,
sap-kill-1,,sap,kill,ag-oʔk,ag-oʔk,a g + o ʔ k,,Clark1961,kill-1,
olp-kill-1,,olp,kill,yak-ook,yak-ook,j a k + oː k,,Clark1981,kill-1,
txp-kill-1,,txp,kill,yakaʔ,yakaʔ,j a k a ʔ,,Wichmann2002,kill-2,
soz-kill-1,,soz,kill,ik-kaʔ,ik-kaʔ,i k + k a ʔ,,Elson1999,kill-2,
chzmaria-kill-1,,chzmaria,kill,yak-kaʔh,yak-kaʔh,j a k + k a ʔ h,,Knudson1980,kill-2,
chzmiguel-kill-1,,chzmiguel,kill,yak-ʔoy,yak-ʔoy,j a k + ʔ o j,,Johnson1998,kill-2,
chisz-kill-1,,chisz,kill,yah-kaʔ,yah-kaʔ,j a h + k a ʔ,,Harrison1981,kill-2,
nhm-knee-1,,nhm,knee,koš,koš,k o ʃ,,Schoenhals1965,knee-1,
shm-knee-1,,shm,knee,koš,koš,k o ʃ,,Cysouw2006,knee-1,
lm-knee-1,,lm,knee,koškohwahk,koškohwahk,k o ʃ k o h w a h k,,Hoogshagen1993,knee-1,
sap-knee-1,,sap,knee,košk,košk,k o ʃ k,,Clark1961,knee-1,
olp-knee-1,,olp,knee,košo,košo,k o ʃ o,,Clark1981,knee-1,
txp-knee-1,,txp,knee,koosoʔ,koosoʔ,k oː s o ʔ,,Wichmann2002,knee-1,
soz-knee-1,,soz,knee,kooso,kooso,k oː s o,,Elson1999,knee-1,
chzmaria-knee-1,,chzmaria,knee,koʔma,koʔma,k o ʔ m a,,Knudson1980,knee-2,
chzmiguel-knee-1,,chzmiguel,knee,komaʔ,komaʔ,k o m a ʔ,,Johnson1998,knee-2,
chisz-knee-1,,chisz,knee,tungupyoʔk,tungupyoʔk,t u n g u p j o ʔ k,,Harrison1981,knee-3,
nhm-know-1,,nhm,know,nəhava,nəhava,n ə h a v a,,Schoenhals1965,know-1,
shm-know-1,,shm,know,naw,naw,n a w,,Cysouw2006,know-1,
lm-know-1,,lm,know,nehwəəy,nehwəəy,n e h w əː j,,Hoogshagen1993,know-2,
sap-know-1,,sap,know,hawi,hawi,h a w i,,Clark1961,know-2,
olp-know-1,,olp,know,viniy,viniy,v i n i j,,Clark1981,know-2,
txp-know-1,,txp,know,bus,bus,b u s,,Wichmann2002,know-3,
soz-know-1,,soz,know,hoodoʔŋ,hoodoʔŋ,h oː d o ʔ ŋ,,Elson1999,know-4,
chzmaria-know-1,,chzmaria,know,mus,mus,m u s,,Knudson1980,know-3,
chzmiguel-know-1,,chzmiguel,know,muš,muš,m u ʃ,,Johnson1998,know-3,
chisz-know-1,,chisz,know,muhs,muhs,m u h s,,Harrison1981,know-3,
nhm-leaf-1,,nhm,leaf,aahy,aahy,aː h j,,Schoenhals1965,leaf-1,
shm-leaf-1,,shm,leaf,aay,aay,aː j,,Cysouw2006,leaf-1,
lm-leaf-1,,lm,leaf,aay,aay,aː j,,Hoogshagen1993,leaf-1,
sap-leaf-1,,sap,leaf,ahy,ahy,a h j,,Clark1961,leaf-1,
olp-leaf-1,,olp,leaf,ayə,ayə,a j ə,,Clark1981,leaf-1,
txp-leaf-1,,txp,leaf,ʔay,ʔay,ʔ a j,,Wichmann2002,leaf-1,
soz-leaf-1,,soz,leaf,ay,ay,a j,,Elson1999,leaf-1,
chzmaria-leaf-1,,chzmaria,leaf,ay,ay,a j,,Knudson1980,leaf-1,
chzmiguel-leaf-1,,chzmiguel,leaf,ʔayʔ,ʔayʔ,ʔ a j ʔ,,Johnson1998,leaf-1,
chisz-leaf-1,,chisz,leaf,ay,ay,a j,,Harrison1981,leaf-1,
nhm-lie-1,,nhm,lie,maʔva,maʔva,m a ʔ v a,,Schoenhals1965,lie-1,
shm-lie-1,,shm,lie,koʔoky,koʔoky,k o ʔ o k j,,Cysouw2006,lie-2,
lm-lie-1,,lm,lie,koʔok,koʔok,k o ʔ o k,,Hoogshagen1993,lie-2,
sap-lie-1,,sap,lie,kəmna,kəmna,k ə m n a,,Clark1961,lie-3,
olp-lie-1,,olp,lie,šok,šok,ʃ o k,,Clark1981,lie-4,
txp-lie-1,,txp,lie,kas-deʔ,kas-deʔ,k a s + d e ʔ,,Wichmann2002,lie-5,
soz-lie-1,,soz,lie,wooneʔe,wooneʔe,w oː n e ʔ e,,Elson1999,lie-6,
chzmaria-lie-1,,chzmaria,lie,moŋ-kətake,moŋ-kətake,m o ŋ + k ə t a k e,,Knudson1980,lie-7,
chzmiguel-lie-1,,chzmiguel,lie,moŋ,moŋ,m o ŋ,,Johnson1998,lie-7,
chisz-lie-1,,chisz,lie,əkgehk,əkgehk,ə k g e h k,,Harrison1981,lie-8,
nhm-liver-1,,nhm,liver,nəə hoot,nəə hoot,n əː + h oː t,,Schoenhals1965,liver-1,
shm-liver-1,,shm,liver,hoht,hoht,h o h t,,Cysouw2006,liver-1,
lm-liver-1,,lm,liver,hot,hot,h o t,,Hoogshagen1993,liver-1,
sap-liver-1,,sap,liver,hooht,hooht,h oː h t,,Clark1961,liver-1,
olp-liver-1,,olp,liver,təʔshotə,təʔshotə,t ə ʔ s h o t ə,,Clark1981,liver-1,
txp-liver-1,,txp,liver,tsookoʔ,tsookoʔ,ts oː k o ʔ,,Wichmann2002,liver-1,
soz-liver-1,,soz,liver,tsoogoy,tsoogoy,ts oː g o j,,Elson1999,liver-1,
chzmaria-liver-1,,chzmaria,liver,tsokoʔy,tsokoʔy,ts o k o ʔ j,,Knudson1980,liver-1,
chzmiguel-liver-1,,chzmiguel,liver,paʔt,paʔt,p a ʔ t,,Johnson1998,liver-2,
chisz-liver-1,,chisz,liver,paʔt,paʔt,p a ʔ t,,Harrison1981,liver-2,
nhm-long-1,,nhm,long,yən,yən,j ə n,,Schoenhals1965,long-1,
shm-long-1,,shm,long,yeny,yeny,j e n j,,Cysouw2006,long-1,
lm-long-1,,lm,long,yoony,yoony,j oː n j,,Hoogshagen1993,long-2,
sap-long-1,,sap,long,yagats,yagats,j a g a ts,,Clark1961,long-3,
olp-long-1,,olp,long,yoneʔk,yoneʔk,j o n e ʔ k,,Clark1981,long-4,
txp-long-1,,txp,long,yaʔakaʔts,yaʔakaʔts,j a ʔ a k a ʔ ts,,Wichmann2002,long-3,
soz-long-1,,soz,long,yagats,yagats,j a g a ts,,Elson1999,long-3,
chzmaria-long-1,,chzmaria,long,pəhi,pəhi,p ə h i,,Knudson1980,long-5,
chzmiguel-long-1,,chzmiguel,long,pəh-iʔ,pəh-iʔ,p ə h + i ʔ,,Johnson1998,long-5,
chisz-long-1,,chisz,long,pəy,pəy,p ə j,,Harrison1981,long-5,
nhm-louse-1,,nhm,louse,əəʔts,əəʔts,əː ʔ ts,,Schoenhals1965,louse-1,
shm-louse-1,,shm,louse,aʔaht,aʔaht,a ʔ a h t,,Cysouw2006,louse-2,
lm-louse-1,,lm,louse,aad,aad,aː d,,Hoogshagen1993,louse-1,
sap-louse-1,,sap,louse,aawat,aawat,aː w a t,,Clark1961,louse-2,
olp-louse-1,,olp,louse,aavaʔt,aavaʔt,aː v a ʔ t,,Clark1981,louse-2,
txp-louse-1,,txp,louse,awaʔt,awaʔt,a w a ʔ t,,Wichmann2002,louse-2,
soz-louse-1,,soz,louse,aʔawat,aʔawat,a ʔ a w a t,,Elson1999,louse-2,
chzmaria-louse-1,,chzmaria,louse,awat,awat,a w a t,,Knudson1980,louse-2,
chzmiguel-louse-1,,chzmiguel,louse,ʔawat,ʔawat,ʔ a w a t,,Johnson1998,louse-2,
chisz-louse-1,,chisz,louse,awat,awat,a w a t,,Harrison1981,louse-2,
nhm-man-1,,nhm,man,yaaʔtyəhk,yaaʔtyəhk,j aː ʔ t j ə h k,,Schoenhals1965,man-1,
shm-man-1,,shm,man,hətyəhk,hətyəhk,h ə t j ə h k,,Cysouw2006,man-1,
lm-man-1,,lm,man,yeʔey-dəhk,yeʔey-dəhk,j e ʔ e j + d ə h k,,Hoogshagen1993,man-1,
sap-man-1,,sap,man,hayaw,hayaw,h a j a w,,Clark1961,man-2,
olp-man-1,,olp,man,yoʔohwa,yoʔohwa,j o ʔ o h w a,,Clark1981,man-3,
txp-man-1,,txp,man,pəəñ,pəəñ,p əː ɲ,,Wichmann2002,man-4,
soz-man-1,,soz,man,pəəšiñ,pəəšiñ,p əː ʃ i ɲ,,Elson1999,man-4,
chzmaria-man-1,,chzmaria,man,pən,pən,p ə n,,Knudson1980,man-4,
chzmiguel-man-1,,chzmiguel,man,pən,pən,p ə n,,Johnson1998,man-4,
chisz-man-1,,chisz,man,pən,pən,p ə n,,Harrison1981,man-4,
nhm-many-1,,nhm,many,may,may,m a j,,Schoenhals1965,many-1,
shm-many-1,,shm,many,mæy,mæy,m æ j,,Cysouw2006,many-1,
lm-many-1,,lm,many,may,may,m a j,,Hoogshagen1993,many-1,
sap-many-1,,sap,many,may,may,m a j,,Clark1961,many-1,
olp-many-1,,olp,many,"paʔko, taʔna",paʔko,p a ʔ k o,,Clark1981,many-2,
olp-many-2,,olp,many,"paʔko, taʔna",taʔna,t a ʔ n a,,Clark1981,many-2,
txp-many-1,,txp,many,"dač-ke, bəks-ke, səʔəs-daʔa",dač-ke,d a tʃ + k e,,Wichmann2002,many-4,
txp-many-2,,txp,many,"dač-ke, bəks-ke, səʔəs-daʔa",bəks-ke,b ə k s + k e,,Wichmann2002,many-4,
txp-many-3,,txp,many,"dač-ke, bəks-ke, səʔəs-daʔa",səʔəs-daʔa,s ə ʔ ə s + d a ʔ a,,Wichmann2002,many-4,
soz-many-1,,soz,many,"agi, tsaam, haʔyaŋ, waatyi",agi,a g i,,Elson1999,many-5,
soz-many-2,,soz,many,"agi, tsaam, haʔyaŋ, waatyi",tsaam,ts aː m,,Elson1999,many-5,
soz-many-3,,soz,many,"agi, tsaam, haʔyaŋ, waatyi",haʔyaŋ,h a ʔ j a ŋ,,Elson1999,many-5,
soz-many-4,,soz,many,"agi, tsaam, haʔyaŋ, waatyi",waatyi,w aː t j i,,Elson1999,many-5,
chzmaria-many-1,,chzmaria,many,səhəʔ,səhəʔ,s ə h ə ʔ,,Knudson1980,many-6,
chzmiguel-many-1,,chzmiguel,many,šəh-əʔ,šəh-əʔ,ʃ ə h + ə ʔ,,Johnson1998,many-6,
chisz-many-1,,chisz,many,"wəwə, aŋ-baʔt-e, məʔčəki",wəwə,w ə w ə,,Harrison1981,many-3,
chisz-many-2,,chisz,many,"wəwə, aŋ-baʔt-e, məʔčəki",aŋ-baʔt-e,a ŋ + b a ʔ t + e,,Harrison1981,many-3,
chisz-many-3,,chisz,many,"wəwə, aŋ-baʔt-e, məʔčəki",məʔčəki,m ə ʔ tʃ ə k i,,Harrison1981,many-3,
nhm-meat-1,,nhm,meat,tsuʔuts,tsuʔuts,ts u ʔ u ts,,Schoenhals1965,meat-1,
shm-meat-1,,shm,meat,tsuʔučy,tsuʔučy,ts u ʔ u tʃ j,,Cysouw2006,meat-1,
lm-meat-1,,lm,meat,tsuʔuč,tsuʔuč,ts u ʔ u tʃ,,Hoogshagen1993,meat-1,
sap-meat-1,,sap,meat,šiš,šiš,ʃ i ʃ,,Clark1961,meat-2,
olp-meat-1,,olp,meat,tsuʔči,tsuʔči,ts u ʔ tʃ i,,Clark1981,meat-1,
txp-meat-1,,txp,meat,šeš,šeš,ʃ e ʃ,,Wichmann2002,meat-2,
soz-meat-1,,soz,meat,maayi,maayi,m aː j i,,Elson1999,meat-3,
chzmaria-meat-1,,chzmaria,meat,sis,sis,s i s,,Knudson1980,meat-2,
chzmiguel-meat-1,,chzmiguel,meat,šiš,šiš,ʃ i ʃ,,Johnson1998,meat-2,
chisz-meat-1,,chisz,meat,sis,sis,s i s,,Harrison1981,meat-2,
nhm-moon-1,,nhm,moon,poʔo,poʔo,p o ʔ o,,Schoenhals1965,moon-1,
shm-moon-1,,shm,moon,poʔo,poʔo,p o ʔ o,,Cysouw2006,moon-1,
lm-moon-1,,lm,moon,poʔ,poʔ,p o ʔ,,Hoogshagen1993,moon-1,
sap-moon-1,,sap,moon,poʔ,poʔ,p o ʔ,,Clark1961,moon-1,
olp-moon-1,,olp,moon,poʔa,poʔa,p o ʔ a,,Clark1981,moon-1,
txp-moon-1,,txp,moon,pooy,pooy,p oː j,,Wichmann2002,moon-1,
soz-moon-1,,soz,moon,pooya,pooya,p oː j a,,Elson1999,moon-1,
chzmaria-moon-1,,chzmaria,moon,sepeʔ,sepeʔ,s e p e ʔ,,Knudson1980,moon-2,
chzmiguel-moon-1,,chzmiguel,moon,šepeʔ,šepeʔ,ʃ e p e ʔ,,Johnson1998,moon-2,
chisz-moon-1,,chisz,moon,poyah,poyah,p o j a h,,Harrison1981,moon-1,
nhm-mountain-1,,nhm,mountain,kopk,kopk,k o p k,,Schoenhals1965,mountain-1,
shm-mountain-1,,shm,mountain,kokp,kokp,k o k p,,Cysouw2006,mountain-1,
lm-mountain-1,,lm,mountain,"koʔogop, kop",koʔogop,k o ʔ o g o p,,Hoogshagen1993,mountain-1,
lm-mountain-2,,lm,mountain,"koʔogop, kop",kop,k o p,,Hoogshagen1993,mountain-1,
sap-mountain-1,,sap,mountain,kopak,kopak,k o p a k,,Clark1961,mountain-1,
olp-mountain-1,,olp,mountain,kopaʔk,kopaʔk,k o p a ʔ k,,Clark1981,mountain-1,
txp-mountain-1,,txp,mountain,kotsək,kotsək,k o ts ə k,,Wichmann2002,mountain-2,
soz-mountain-1,,soz,mountain,kootsək,kootsək,k oː ts ə k,,Elson1999,mountain-2,
chzmiguel-mountain-1,,chzmiguel,mountain,kotsək,kotsək,k o ts ə k,,Johnson1998,mountain-2,
chisz-mountain-1,,chisz,mountain,kotsək,kotsək,k o ts ə k,,Harrison1981,mountain-2,
nhm-mouth-1,,nhm,mouth,aah,aah,aː h,,Schoenhals1965,mouth-1,
shm-mouth-1,,shm,mouth,aa,aa,aː,,Cysouw2006,mouth-1,
lm-mouth-1,,lm,mouth,aawak,aawak,aː w a k,,Hoogshagen1993,mouth-1,
sap-mouth-1,,sap,mouth,ahw,ahw,a h w,,Clark1961,mouth-1,
olp-mouth-1,,olp,mouth,avə,avə,a v ə,,Clark1981,mouth-1,
txp-mouth-1,,txp,mouth,həp,həp,h ə p,,Wichmann2002,mouth-3,
soz-mouth-1,,soz,mouth,həp,həp,h ə p,,Elson1999,mouth-3,
chzmaria-mouth-1,,chzmaria,mouth,həp,həp,h ə p,,Knudson1980,mouth-3,
chzmiguel-mouth-1,,chzmiguel,mouth,həp,həp,h ə p,,Johnson1998,mouth-3,
chisz-mouth-1,,chisz,mouth,aŋnaka,aŋnaka,a ŋ n a k a,,Harrison1981,mouth-2,
nhm-name-1,,nhm,name,šəə,šəə,ʃ əː,,Schoenhals1965,name-1,
shm-name-1,,shm,name,šəə,šəə,ʃ əː,,Cysouw2006,name-1,
lm-name-1,,lm,name,šəə,šəə,ʃ əː,,Hoogshagen1993,name-1,
sap-name-1,,sap,name,nəʔhy,nəʔhy,n ə ʔ h j,,Clark1961,name-2,
olp-name-1,,olp,name,šəvə,šəvə,ʃ ə v ə,,Clark1981,name-1,
txp-name-1,,txp,name,dəy,dəy,d ə j,,Wichmann2002,name-2,
soz-name-1,,soz,name,nəəyi,nəəyi,n əː j i,,Elson1999,name-2,
chzmaria-name-1,,chzmaria,name,nəhi,nəhi,n ə h i,,Knudson1980,name-2,
chzmiguel-name-1,,chzmiguel,name,nəhi,nəhi,n ə h i,,Johnson1998,name-2,
chisz-name-1,,chisz,name,nəy,nəy,n ə j,,Harrison1981,name-2,
nhm-neck-1,,nhm,neck,yoʔkt,yoʔkt,j o ʔ k t,,Schoenhals1965,neck-1,
shm-neck-1,,shm,neck,yoʔkt,yoʔkt,j o ʔ k t,,Cysouw2006,neck-1,
lm-neck-1,,lm,neck,yoʔok-pahk,yoʔok-pahk,j o ʔ o k + p a h k,,Hoogshagen1993,neck-1,
sap-neck-1,,sap,neck,yoʔk,yoʔk,j o ʔ k,,Clark1961,neck-1,
txp-neck-1,,txp,neck,kən-kəʔ,kən-kəʔ,k ə n + k ə ʔ,,Wichmann2002,neck-2,
chzmiguel-neck-1,,chzmiguel,neck,wintuʔ,wintuʔ,w i n t u ʔ,,Johnson1998,neck-3,
chisz-neck-1,,chisz,neck,kənə,kənə,k ə n ə,,Harrison1981,neck-2,
nhm-new-1,,nhm,new,nam,nam,n a m,,Schoenhals1965,new-1,
shm-new-1,,shm,new,hempy,hempy,h e m p j,,Cysouw2006,new-2,
lm-new-1,,lm,new,hemy,hemy,h e m j,,Hoogshagen1993,new-2,
sap-new-1,,sap,new,namay,namay,n a m a j,,Clark1961,new-1,
olp-new-1,,olp,new,namə,namə,n a m ə,,Clark1981,new-1,
txp-new-1,,txp,new,homə-naʔ,homə-naʔ,h o m ə + n a ʔ,,Wichmann2002,new-2,
soz-new-1,,soz,new,hoomi,hoomi,h oː m i,,Elson1999,new-2,
chzmaria-new-1,,chzmaria,new,homeʔ,homeʔ,h o m e ʔ,,Knudson1980,new-2,
chzmiguel-new-1,,chzmiguel,new,homeʔ,homeʔ,h o m e ʔ,,Johnson1998,new-2,
chisz-new-1,,chisz,new,home,home,h o m e,,Harrison1981,new-2,
nhm-night-1,,nhm,night,tsυυ,tsυυ,ts υː/ʊː,,Schoenhals1965,night-2,
shm-night-1,,shm,night,koots,koots,k oː ts,,Cysouw2006,night-2,
lm-night-1,,lm,night,adzuuʔəʔ,adzuuʔəʔ,a d z uː ʔ ə ʔ,,Hoogshagen1993,night-1,
sap-night-1,,sap,night,tsuʔ,tsuʔ,ts u ʔ,,Clark1961,night-1,
olp-night-1,,olp,night,tsuhə,tsuhə,ts u h ə,,Clark1981,night-1,
txp-night-1,,txp,night,tsuʔ,tsuʔ,ts u ʔ,,Wichmann2002,night-1,
soz-night-1,,soz,night,tsuʔu,tsuʔu,ts u ʔ u,,Elson1999,night-1,
chzmaria-night-1,,chzmaria,night,tsuʔhi,tsuʔhi,ts u ʔ h i,,Knudson1980,night-1,
chzmiguel-night-1,,chzmiguel,night,tsuʔ,tsuʔ,ts u ʔ,,Johnson1998,night-1,
chisz-night-1,,chisz,night,tsuʔ,tsuʔ,ts u ʔ,,Harrison1981,night-1,
nhm-nose-1,,nhm,nose,həhp,həhp,h ə h p,,Schoenhals1965,nose-1,
shm-nose-1,,shm,nose,həhp,həhp,h ə h p,,Cysouw2006,nose-1,
lm-nose-1,,lm,nose,həhp-put,həhp-put,h ə h p + p u t,,Hoogshagen1993,nose-1,
sap-nose-1,,sap,nose,həhp,həhp,h ə h p,,Clark1961,nose-1,
olp-nose-1,,olp,nose,həpə,həpə,h ə p ə,,Clark1981,nose-1,
txp-nose-1,,txp,nose,keñ-kuy,keñ-kuy,k e ɲ + k u j,,Wichmann2002,nose-2,
soz-nose-1,,soz,nose,kiiñi,kiiñi,k iː ɲ i,,Elson1999,nose-2,
chzmaria-nose-1,,chzmaria,nose,kinə,kinə,k i n ə,,Knudson1980,nose-2,
chzmiguel-nose-1,,chzmiguel,nose,kinək,kinək,k i n ə k,,Johnson1998,nose-2,
chisz-nose-1,,chisz,nose,kinə,kinə,k i n ə,,Harrison1981,nose-2,
nhm-not-1,,nhm,not,kaʔa,kaʔa,k a ʔ a,,Schoenhals1965,not-1,
shm-not-1,,shm,not,kaʔt,kaʔt,k a ʔ t,,Cysouw2006,not-1,
lm-not-1,,lm,not,kaʔ,kaʔ,k a ʔ,,Hoogshagen1993,not-1,
sap-not-1,,sap,not,kaah,kaah,k aː h,,Clark1961,not-1,
olp-not-1,,olp,not,əʔə,əʔə,ə ʔ ə,,Clark1981,not-2,
txp-not-1,,txp,not,eñč,eñč,e ɲ tʃ,,Wichmann2002,not-3,
soz-not-1,,soz,not,dYa,dYa,d Y/j a,,Elson1999,not-4,
chzmaria-not-1,,chzmaria,not,wat kaha,wat kaha,w a t + k a h a,,Knudson1980,not-1,
chzmiguel-not-1,,chzmiguel,not,ya,ya,j a,,Johnson1998,not-4,
chisz-not-1,,chisz,not,haʔne,haʔne,h a ʔ n e,,Harrison1981,not-4,
nhm-one-1,,nhm,one,tυʔk,tυʔk,t υ/ʊ ʔ k,,Schoenhals1965,one-1,
shm-one-1,,shm,one,tuʔuk,tuʔuk,t u ʔ u k,,Cysouw2006,one-1,
lm-one-1,,lm,one,tuʔuk,tuʔuk,t u ʔ u k,,Hoogshagen1993,one-1,
sap-one-1,,sap,one,tuʔk,tuʔk,t u ʔ k,,Clark1961,one-1,
olp-one-1,,olp,one,tuʔk,tuʔk,t u ʔ k,,Clark1981,one-1,
txp-one-1,,txp,one,tum,tum,t u m,,Wichmann2002,one-2,
soz-one-1,,soz,one,tuum,tuum,t uː m,,Elson1999,one-2,
chzmaria-one-1,,chzmaria,one,tumə,tumə,t u m ə,,Knudson1980,one-2,
chzmiguel-one-1,,chzmiguel,one,tumə,tumə,t u m ə,,Johnson1998,one-2,
chisz-one-1,,chisz,one,tumə,tumə,t u m ə,,Harrison1981,one-2,
nhm-person-1,,nhm,person,hayu,hayu,h a j u,,Schoenhals1965,person-1,
shm-person-1,,shm,person,haʔay,haʔay,h a ʔ a j,,Cysouw2006,person-1,
lm-person-1,,lm,person,həy,həy,h ə j,,Hoogshagen1993,person-1,
sap-person-1,,sap,person,hayaw,hayaw,h a j a w,,Clark1961,person-1,
olp-person-1,,olp,person,haykaʔk,haykaʔk,h a j k a ʔ k,,Clark1981,person-1,
txp-person-1,,txp,person,pəəñ-čaʔ,pəəñ-čaʔ,p əː ɲ + tʃ a ʔ,,Wichmann2002,person-2,
chisz-person-1,,chisz,person,pən-daʔm,pən-daʔm,p ə n + d a ʔ m,,Harrison1981,person-2,
nhm-rain-1,,nhm,rain,tυυ,tυυ,t υː/ʊː,,Schoenhals1965,rain-1,
shm-rain-1,,shm,rain,tuh,tuh,t u h,,Cysouw2006,rain-1,
lm-rain-1,,lm,rain,tuu,tuu,t uː,,Hoogshagen1993,rain-1,
sap-rain-1,,sap,rain,tuu,tuu,t uː,,Clark1961,rain-1,
olp-rain-1,,olp,rain,tuuhə,tuuhə,t uː h ə,,Clark1981,rain-1,
txp-rain-1,,txp,rain,tuh,tuh,t u h,,Wichmann2002,rain-1,
soz-rain-1,,soz,rain,tuh,tuh,t u h,,Elson1999,rain-1,
chzmaria-rain-1,,chzmaria,rain,tuh,tuh,t u h,,Knudson1980,rain-1,
chzmiguel-rain-1,,chzmiguel,rain,tuh,tuh,t u h,,Johnson1998,rain-1,
chisz-rain-1,,chisz,rain,tuh,tuh,t u h,,Harrison1981,rain-1,
nhm-red-1,,nhm,red,tsapts,tsapts,ts a p ts,,Schoenhals1965,red-1,
shm-red-1,,shm,red,tsaps,tsaps,ts a p s,,Cysouw2006,red-1,
lm-red-1,,lm,red,tsapts,tsapts,ts a p ts,,Hoogshagen1993,red-1,
sap-red-1,,sap,red,tsabats,tsabats,ts a b a ts,,Clark1961,red-1,
olp-red-1,,olp,red,tsapaʔs,tsapaʔs,ts a p a ʔ s,,Clark1981,red-1,
txp-red-1,,txp,red,tsaʔpaʔts,tsaʔpaʔts,ts a ʔ p a ʔ ts,,Wichmann2002,red-1,
soz-red-1,,soz,red,tsabats,tsabats,ts a b a ts,,Elson1999,red-1,
chzmaria-red-1,,chzmaria,red,tsapats,tsapats,ts a p a ts,,Knudson1980,red-1,
chzmiguel-red-1,,chzmiguel,red,tsapats,tsapats,ts a p a ts,,Johnson1998,red-1,
chisz-red-1,,chisz,red,tsapas,tsapas,ts a p a s,,Harrison1981,red-1,
nhm-road-1,,nhm,road,tυυʔ,tυυʔ,t υː/ʊː ʔ,,Schoenhals1965,road-1,
shm-road-1,,shm,road,tuʔu,tuʔu,t u ʔ u,,Cysouw2006,road-1,
lm-road-1,,lm,road,tuʔ,tuʔ,t u ʔ,,Hoogshagen1993,road-1,
sap-road-1,,sap,road,toow,toow,t oː w,,Clark1961,road-1,
olp-road-1,,olp,road,tuʔaʔw,tuʔaʔw,t u ʔ a ʔʷ,,Clark1981,road-1,
txp-road-1,,txp,road,tuŋ,tuŋ,t u ŋ,,Wichmann2002,road-1,
soz-road-1,,soz,road,tuŋ,tuŋ,t u ŋ,,Elson1999,road-1,
chzmaria-road-1,,chzmaria,road,tuŋ,tuŋ,t u ŋ,,Knudson1980,road-1,
chzmiguel-road-1,,chzmiguel,road,tuŋ,tuŋ,t u ŋ,,Johnson1998,road-1,
chisz-road-1,,chisz,road,tuŋ,tuŋ,t u ŋ,,Harrison1981,road-1,
nhm-root-1,,nhm,root,aaʔts,aaʔts,aː ʔ ts,,Schoenhals1965,root-1,
shm-root-1,,shm,root,aats,aats,aː ts,,Cysouw2006,root-1,
lm-root-1,,lm,root,tikts,tikts,t i k ts,,Hoogshagen1993,root-2,
sap-root-1,,sap,root,tikčik,tikčik,t i k tʃ i k,,Clark1961,root-2,
olp-root-1,,olp,root,čistsəʔw,čistsəʔw,tʃ i s ts ə ʔʷ,,Clark1981,root-2,
txp-root-1,,txp,root,čečək,čečək,tʃ e tʃ ə k,,Wichmann2002,root-2,
soz-root-1,,soz,root,tyiičək,tyiičək,t j iː tʃ ə k,,Elson1999,root-2,
chzmaria-root-1,,chzmaria,root,waʔts,waʔts,w a ʔ ts,,Knudson1980,root-3,
chzmiguel-root-1,,chzmiguel,root,waʔts,waʔts,w a ʔ ts,,Johnson1998,root-3,
chisz-root-1,,chisz,root,watsi,watsi,w a ts i,,Harrison1981,root-3,
nhm-round-1,,nhm,round,pigïk,pigïk,p i g ɨ k,,Schoenhals1965,round-1,
shm-round-1,,shm,round,pehk,pehk,p e h k,,Cysouw2006,round-1,
lm-round-1,,lm,round,pik,pik,p i k,,Hoogshagen1993,round-1,
sap-round-1,,sap,round,hoyoy,hoyoy,h o j o j,,Clark1961,round-2,
txp-round-1,,txp,round,woy-woy-če,woy-woy-če,w o j + w o j + tʃ e,,Wichmann2002,round-3,
soz-round-1,,soz,round,woyo,woyo,w o j o,,Elson1999,round-3,
chisz-round-1,,chisz,round,huyuh,huyuh,h u j u h,,Harrison1981,round-2,
nhm-sand-1,,nhm,sand,pυʔυ,pυʔυ,p υ/ʊ ʔ υ/ʊ,,Schoenhals1965,sand-1,
shm-sand-1,,shm,sand,puʔu,puʔu,p u ʔ u,,Cysouw2006,sand-1,
lm-sand-1,,lm,sand,puʔ,puʔ,p u ʔ,,Hoogshagen1993,sand-1,
sap-sand-1,,sap,sand,poʔy,poʔy,p o ʔ j,,Clark1961,sand-1,
olp-sand-1,,olp,sand,puʔə,puʔə,p u ʔ ə,,Clark1981,sand-1,
txp-sand-1,,txp,sand,poʔoy,poʔoy,p o ʔ o j,,Wichmann2002,sand-1,
soz-sand-1,,soz,sand,poʔoy,poʔoy,p o ʔ o j,,Elson1999,sand-1,
chzmaria-sand-1,,chzmaria,sand,haweʔ,haweʔ,h a w e ʔ,,Knudson1980,sand-3,
chzmiguel-sand-1,,chzmiguel,sand,poeʔ,poeʔ,p o e ʔ,,Johnson1998,sand-1,
chisz-sand-1,,chisz,sand,waʔna,waʔna,w a ʔ n a,,Harrison1981,sand-2,
nhm-say-1,,nhm,say,vaʔañ,vaʔañ,v a ʔ a ɲ,,Schoenhals1965,say-1,
shm-say-1,,shm,say,nə-kapš,nə-kapš,n ə + k a p ʃ,,Cysouw2006,say-5,
lm-say-1,,lm,say,mənaʔn,mənaʔn,m ə n a ʔ n,,Hoogshagen1993,say-2,
sap-say-1,,sap,say,nəm,nəm,n ə m,,Clark1961,say-3,
olp-say-1,,olp,say,nəm,nəm,n ə m,,Clark1981,say-3,
txp-say-1,,txp,say,dəm,dəm,d ə m,,Wichmann2002,say-4,
soz-say-1,,soz,say,nəm,nəm,n ə m,,Elson1999,say-4,
chzmaria-say-1,,chzmaria,say,nəm,nəm,n ə m,,Knudson1980,say-4,
chzmiguel-say-1,,chzmiguel,say,nəm,nəm,n ə m,,Johnson1998,say-4,
chisz-say-1,,chisz,say,nəm,nəm,n ə m,,Harrison1981,say-4,
nhm-see-1,,nhm,see,iš,iš,i ʃ,,Schoenhals1965,see-1,
shm-see-1,,shm,see,eš,eš,e ʃ,,Cysouw2006,see-1,
lm-see-1,,lm,see,iš,iš,i ʃ,,Hoogshagen1993,see-1,
sap-see-1,,sap,see,iš,iš,i ʃ,,Clark1961,see-1,
txp-see-1,,txp,see,ʔeš,ʔeš,ʔ e ʃ,,Wichmann2002,see-1,
soz-see-1,,soz,see,iʔiš,iʔiš,i ʔ i ʃ,,Elson1999,see-1,
chzmaria-see-1,,chzmaria,see,is,is,i s,,Knudson1980,see-1,
chzmiguel-see-1,,chzmiguel,see,ʔiš,ʔiš,ʔ i ʃ,,Johnson1998,see-1,
chisz-see-1,,chisz,see,ʔis,ʔis,ʔ i s,,Harrison1981,see-3,
sap-see-2,,sap,see,eʔp,eʔp,e ʔ p,,Clark1961,see-1,
olp-see-1,,olp,see,ʔeep,ʔeep,ʔ eː p,,Clark1981,see-1,
nhm-seed-1,,nhm,seed,təəmt,təəmt,t əː m t,,Schoenhals1965,seed-1,
shm-seed-1,,shm,seed,pahk,pahk,p a h k,,Cysouw2006,seed-2,
lm-seed-1,,lm,seed,pahk,pahk,p a h k,,Hoogshagen1993,seed-2,
sap-seed-1,,sap,seed,puuh,puuh,p uː h,,Clark1961,seed-3,
olp-seed-1,,olp,seed,pakə,pakə,p a k ə,,Clark1981,seed-2,
txp-seed-1,,txp,seed,puh,puh,p u h,,Wichmann2002,seed-3,
soz-seed-1,,soz,seed,pak,pak,p a k,,Elson1999,seed-2,
chzmaria-seed-1,,chzmaria,seed,puh,puh,p u h,,Knudson1980,seed-3,
chzmiguel-seed-1,,chzmiguel,seed,puh,puh,p u h,,Johnson1998,seed-3,
chisz-seed-1,,chisz,seed,puh,puh,p u h,,Harrison1981,seed-3,
nhm-sit-1,,nhm,sit,tsïïna,tsïïna,ts ïï/ɨː n a,,Schoenhals1965,sit-1,
shm-sit-1,,shm,sit,tsəən,tsəən,ts əː n,,Cysouw2006,sit-1,
lm-sit-1,,lm,sit,"inyəy, ištak",inyəy,i n j ə j,,Hoogshagen1993,sit-2,
lm-sit-2,,lm,sit,"inyəy, ištak",ištak,i ʃ t a k,,Hoogshagen1993,sit-2,
sap-sit-1,,sap,sit,tsəəna,tsəəna,ts əː n a,,Clark1961,sit-1,
olp-sit-1,,olp,sit,huunii,huunii,h uː n iː,,Clark1981,sit-3,
txp-sit-1,,txp,sit,kon,kon,k o n,,Wichmann2002,sit-5,
soz-sit-1,,soz,sit,koñ,koñ,k o ɲ,,Elson1999,sit-5,
chzmaria-sit-1,,chzmaria,sit,tsənay,tsənay,ts ə n a j,,Knudson1980,sit-1,
chzmiguel-sit-1,,chzmiguel,sit,tsən,tsən,ts ə n,,Johnson1998,sit-1,
chisz-sit-1,,chisz,sit,poks,poks,p o k s,,Harrison1981,sit-4,
nhm-skin-1,,nhm,skin,ak,ak,a k,,Schoenhals1965,skin-1,
shm-skin-1,,shm,skin,nəʔak,nəʔak,n ə ʔ a k,,Cysouw2006,skin-1,
lm-skin-1,,lm,skin,ak,ak,a k,,Hoogshagen1993,skin-1,
sap-skin-1,,sap,skin,ak,ak,a k,,Clark1961,skin-1,
olp-skin-1,,olp,skin,akə,akə,a k ə,,Clark1981,skin-1,
txp-skin-1,,txp,skin,daak,daak,d aː k,,Wichmann2002,skin-2,
soz-skin-1,,soz,skin,naaka,naaka,n aː k a,,Elson1999,skin-2,
chzmaria-skin-1,,chzmaria,skin,naka,naka,n a k a,,Knudson1980,skin-2,
chzmiguel-skin-1,,chzmiguel,skin,naka,naka,n a k a,,Johnson1998,skin-2,
chisz-skin-1,,chisz,skin,naka,naka,n a k a,,Harrison1981,skin-2,
nhm-sleep-1,,nhm,sleep,maʔa,maʔa,m a ʔ a,,Schoenhals1965,sleep-1,
shm-sleep-1,,shm,sleep,maʔa,maʔa,m a ʔ a,,Cysouw2006,sleep-1,
lm-sleep-1,,lm,sleep,maʔ,maʔ,m a ʔ,,Hoogshagen1993,sleep-1,
sap-sleep-1,,sap,sleep,maa ~ maʔ,maa,m aː,,Clark1961,sleep-1,
olp-sleep-1,,olp,sleep,maa ~  maah ~ maʔh,maa,m aː,,Clark1981,sleep-1,
txp-sleep-1,,txp,sleep,boŋ,boŋ,b o ŋ,,Wichmann2002,sleep-3,
soz-sleep-1,,soz,sleep,moŋ,moŋ,m o ŋ,,Elson1999,sleep-3,
chzmaria-sleep-1,,chzmaria,sleep,moŋ,moŋ,m o ŋ,,Knudson1980,sleep-3,
chzmiguel-sleep-1,,chzmiguel,sleep,kap-ney,kap-ney,k a p + n e j,,Johnson1998,sleep-4,
chisz-sleep-1,,chisz,sleep,əŋ,əŋ,ə ŋ,,Harrison1981,sleep-2,
nhm-small-1,,nhm,small,piʔk,piʔk,p i ʔ k,,Schoenhals1965,small-1,
shm-small-1,,shm,small,mutsk,mutsk,m u ts k,,Cysouw2006,small-2,
lm-small-1,,lm,small,muts,muts,m u ts,,Hoogshagen1993,small-2,
sap-small-1,,sap,small,čičic,čičic,tʃ i tʃ i c/tʃ,,Clark1961,small-3,
olp-small-1,,olp,small,čuuču,čuuču,tʃ uː tʃ u,,Clark1981,small-3,
txp-small-1,,txp,small,həsə-baa,həsə-baa,h ə s ə + b aː,,Wichmann2002,small-4,
soz-small-1,,soz,small,šutyu,šutyu,ʃ u t j u,,Elson1999,small-5,
chzmiguel-small-1,,chzmiguel,small,wakšiŋʔ,wakšiŋʔ,w a k ʃ i ŋ ʔ,,Johnson1998,small-6,
chisz-small-1,,chisz,small,čiks,čiks,tʃ i k s,,Harrison1981,small-3,
nhm-smoke-1,,nhm,smoke,hok,hok,h o k,,Schoenhals1965,smoke-1,
shm-smoke-1,,shm,smoke,hok,hok,h o k,,Cysouw2006,smoke-1,
lm-smoke-1,,lm,smoke,həən-hok,həən-hok,h əː n + h o k,,Hoogshagen1993,smoke-1,
sap-smoke-1,,sap,smoke,wiʔšik,wiʔšik,w i ʔ ʃ i k,,Clark1961,smoke-2,
olp-smoke-1,,olp,smoke,hoko,hoko,h o k o,,Clark1981,smoke-1,
txp-smoke-1,,txp,smoke,hook,hook,h oː k,,Wichmann2002,smoke-1,
soz-smoke-1,,soz,smoke,hooko,hooko,h oː k o,,Elson1999,smoke-1,
chzmaria-smoke-1,,chzmaria,smoke,oʔmaʔ,oʔmaʔ,o ʔ m a ʔ,,Knudson1980,smoke-3,
chzmiguel-smoke-1,,chzmiguel,smoke,ʔomaʔ,ʔomaʔ,ʔ o m a ʔ,,Johnson1998,smoke-3,
chisz-smoke-1,,chisz,smoke,hokoh,hokoh,h o k o h,,Harrison1981,smoke-1,
nhm-stand-1,,nhm,stand,tena,tena,t e n a,,Schoenhals1965,stand-1,
shm-stand-1,,shm,stand,tənæy,tənæy,t ə n æ j,,Cysouw2006,stand-1,
lm-stand-1,,lm,stand,tenaay,tenaay,t e n aː j,,Hoogshagen1993,stand-1,
sap-stand-1,,sap,stand,tena,tena,t e n a,,Clark1961,stand-1,
olp-stand-1,,olp,stand,teniy,teniy,t e n i j,,Clark1981,stand-1,
txp-stand-1,,txp,stand,hoop-deʔ,hoop-deʔ,h oː p + d e ʔ,,Wichmann2002,stand-2,
soz-stand-1,,soz,stand,teeñ,teeñ,t eː ɲ,,Elson1999,stand-1,
chzmiguel-stand-1,,chzmiguel,stand,ten,ten,t e n,,Johnson1998,stand-1,
chisz-stand-1,,chisz,stand,tenay,tenay,t e n a j,,Harrison1981,stand-1,
chzmaria-stand-1,,chzmaria,stand,maʔŋəy,maʔŋəy,m a ʔ ŋ ə j,,Knudson1980,stand-1,
chzmiguel-stand-2,,chzmiguel,stand,maŋ-ney,maŋ-ney,m a ŋ + n e j,,Johnson1998,stand-1,
nhm-star-1,,nhm,star,maatsa,maatsa,m aː ts a,,Schoenhals1965,star-1,
shm-star-1,,shm,star,matsaʔa,matsaʔa,m a ts a ʔ a,,Cysouw2006,star-1,
lm-star-1,,lm,star,madzaʔ,madzaʔ,m a d z a ʔ,,Hoogshagen1993,star-1,
sap-star-1,,sap,star,maahts,maahts,m aː h ts,,Clark1961,star-1,
olp-star-1,,olp,star,maatsaʔaʔk,maatsaʔaʔk,m aː ts a ʔ a ʔ k,,Clark1981,star-1,
txp-star-1,,txp,star,baatsaʔ,baatsaʔ,b aː ts a ʔ,,Wichmann2002,star-1,
soz-star-1,,soz,star,maatsa,maatsa,m aː ts a,,Elson1999,star-1,
chzmaria-star-1,,chzmaria,star,matsaʔ,matsaʔ,m a ts a ʔ,,Knudson1980,star-1,
chzmiguel-star-1,,chzmiguel,star,matsaʔ,matsaʔ,m a ts a ʔ,,Johnson1998,star-1,
chisz-star-1,,chisz,star,matsa,matsa,m a ts a,,Harrison1981,star-1,
nhm-stone-1,,nhm,stone,tsaa,tsaa,ts aː,,Schoenhals1965,stone-1,
shm-stone-1,,shm,stone,tsah,tsah,ts a h,,Cysouw2006,stone-1,
lm-stone-1,,lm,stone,tsaa,tsaa,ts aː,,Hoogshagen1993,stone-1,
sap-stone-1,,sap,stone,tsaʔ,tsaʔ,ts a ʔ,,Clark1961,stone-1,
olp-stone-1,,olp,stone,tsaahə,tsaahə,ts aː h ə,,Clark1981,stone-1,
txp-stone-1,,txp,stone,tsaʔ,tsaʔ,ts a ʔ,,Wichmann2002,stone-1,
soz-stone-1,,soz,stone,tsa,tsa,ts a,,Elson1999,stone-1,
chzmaria-stone-1,,chzmaria,stone,tsaʔ,tsaʔ,ts a ʔ,,Knudson1980,stone-1,
chzmiguel-stone-1,,chzmiguel,stone,tsaʔ,tsaʔ,ts a ʔ,,Johnson1998,stone-1,
chisz-stone-1,,chisz,stone,tsaʔ,tsaʔ,ts a ʔ,,Harrison1981,stone-1,
nhm-sun-1,,nhm,sun,šəə,šəə,ʃ əː,,Schoenhals1965,sun-1,
shm-sun-1,,shm,sun,šəʔan,šəʔan,ʃ ə ʔ a n,,Cysouw2006,sun-1,
lm-sun-1,,lm,sun,šəə,šəə,ʃ əː,,Hoogshagen1993,sun-1,
sap-sun-1,,sap,sun,šəhw,šəhw,ʃ ə h w,,Clark1961,sun-1,
olp-sun-1,,olp,sun,šəvə,šəvə,ʃ ə v ə,,Clark1981,sun-1,
txp-sun-1,,txp,sun,haam,haam,h aː m,,Wichmann2002,sun-2,
soz-sun-1,,soz,sun,haama,haama,h aː m a,,Elson1999,sun-2,
chzmaria-sun-1,,chzmaria,sun,hama,hama,h a m a,,Knudson1980,sun-2,
chzmiguel-sun-1,,chzmiguel,sun,hama,hama,h a m a,,Johnson1998,sun-2,
chisz-sun-1,,chisz,sun,hama,hama,h a m a,,Harrison1981,sun-2,
nhm-swim-1,,nhm,swim,nə-vïïʔn,nə-vïïʔn,n ə + v ïï/ɨː ʔ n,,Schoenhals1965,swim-1,
shm-swim-1,,shm,swim,nə-yum,nə-yum,n ə + j u m,,Cysouw2006,swim-3,
lm-swim-1,,lm,swim,yaab,yaab,j aː b,,Hoogshagen1993,swim-2,
sap-swim-1,,sap,swim,yun,yun,j u n,,Clark1961,swim-3,
olp-swim-1,,olp,swim,yun,yun,j u n,,Clark1981,swim-3,
txp-swim-1,,txp,swim,pəʔn,pəʔn,p ə ʔ n,,Wichmann2002,swim-5,
soz-swim-1,,soz,swim,puʔn,puʔn,p u ʔ n,,Elson1999,swim-5,
chzmaria-swim-1,,chzmaria,swim,yun,yun,j u n,,Knudson1980,swim-3,
chzmiguel-swim-1,,chzmiguel,swim,yuk,yuk,j u k,,Johnson1998,swim-6,
chisz-swim-1,,chisz,swim,hemu,hemu,h e m u,,Harrison1981,swim-4,
nhm-tail-1,,nhm,tail,tυʔšta,tυʔšta,t υ/ʊ ʔ ʃ t a,,Schoenhals1965,tail-1,
shm-tail-1,,shm,tail,tutst,tutst,t u ts t,,Cysouw2006,tail-1,
lm-tail-1,,lm,tail,piʔišy,piʔišy,p i ʔ i ʃ j,,Hoogshagen1993,tail-2,
sap-tail-1,,sap,tail,tuʔhts,tuʔhts,t u ʔ h ts,,Clark1961,tail-1,
olp-tail-1,,olp,tail,tuʔsta,tuʔsta,t u ʔ s t a,,Clark1981,tail-1,
txp-tail-1,,txp,tail,tuʔts,tuʔts,t u ʔ ts,,Wichmann2002,tail-1,
soz-tail-1,,soz,tail,tuʔts,tuʔts,t u ʔ ts,,Elson1999,tail-1,
chzmaria-tail-1,,chzmaria,tail,tuʔts,tuʔts,t u ʔ ts,,Knudson1980,tail-1,
chzmiguel-tail-1,,chzmiguel,tail,tuʔts,tuʔts,t u ʔ ts,,Johnson1998,tail-1,
chisz-tail-1,,chisz,tail,tuʔts,tuʔts,t u ʔ ts,,Harrison1981,tail-1,
nhm-that-1,,nhm,that,šiiʔ,šiiʔ,ʃ iː ʔ,,Schoenhals1965,that-1,
shm-that-1,,shm,that,hæʔæ,hæʔæ,h æ ʔ æ,,Cysouw2006,that-6,
lm-that-1,,lm,that,hehəmbə,hehəmbə,h e h ə m b ə,,Hoogshagen1993,that-2,
sap-that-1,,sap,that,yahyəʔn,yahyəʔn,j a h j ə ʔ n,,Clark1961,that-3,
olp-that-1,,olp,that,hamah,hamah,h a m a h,,Clark1981,that-2,
soz-that-1,,soz,that,heam,heam,h e a m,,Elson1999,that-2,
chzmiguel-that-1,,chzmiguel,that,ga.də,ga.də,g a d ə,,Johnson1998,that-5,
chisz-that-1,,chisz,that,əʔ,əʔ,ə ʔ,,Harrison1981,that-4,
nhm-this-1,,nhm,this,yəʔə,yəʔə,j ə ʔ ə,,Schoenhals1965,this-1,
shm-this-1,,shm,this,yaʔat,yaʔat,j a ʔ a t,,Cysouw2006,this-1,
lm-this-1,,lm,this,hadaʔ,hadaʔ,h a d a ʔ,,Hoogshagen1993,this-2,
sap-this-1,,sap,this,ayəəh,ayəəh,a j əː h,,Clark1961,this-1,
olp-this-1,,olp,this,heʔ,heʔ,h e ʔ,,Clark1981,this-3,
txp-this-1,,txp,this,yəʔəhəʔ,yəʔəhəʔ,j ə ʔ ə h ə ʔ,,Wichmann2002,this-1,
soz-this-1,,soz,this,heʔepək,heʔepək,h e ʔ e p ə k,,Elson1999,this-4,
chzmaria-this-1,,chzmaria,this,yəʔ-pəʔ,yəʔ-pəʔ,j ə ʔ + p ə ʔ,,Knudson1980,this-1,
chzmiguel-this-1,,chzmiguel,this,yəʔ,yəʔ,j ə ʔ,,Johnson1998,this-1,
chisz-this-1,,chisz,this,yəʔ-wə,yəʔ-wə,j ə ʔ + w ə,,Harrison1981,this-1,
nhm-thou-1,,nhm,thou,mits,mits,m i ts,,Schoenhals1965,thou-1,
shm-thou-1,,shm,thou,mehts,mehts,m e h ts,,Cysouw2006,thou-1,
lm-thou-1,,lm,thou,miič,miič,m iː tʃ,,Hoogshagen1993,thou-1,
sap-thou-1,,sap,thou,mii(č),mii,m iː,,Clark1961,thou-1,
olp-thou-1,,olp,thou,miis,miis,m iː s,,Clark1981,thou-1,
txp-thou-1,,txp,thou,bič,bič,b i tʃ,,Wichmann2002,thou-1,
soz-thou-1,,soz,thou,mič,mič,m i tʃ,,Elson1999,thou-1,
chzmaria-thou-1,,chzmaria,thou,mits(tsiʔ),mits,m i ts,,Knudson1980,thou-1,
chzmiguel-thou-1,,chzmiguel,thou,mi-š,mi-š,m i + ʃ,,Johnson1998,thou-1,
chisz-thou-1,,chisz,thou,mih,mih,m i h,,Harrison1981,thou-1,
nhm-tongue-1,,nhm,tongue,toots,toots,t oː ts,,Schoenhals1965,tongue-1,
shm-tongue-1,,shm,tongue,toots,toots,t oː ts,,Cysouw2006,tongue-1,
lm-tongue-1,,lm,tongue,toots,toots,t oː ts,,Hoogshagen1993,tongue-1,
sap-tongue-1,,sap,tongue,toohts,toohts,t oː h ts,,Clark1961,tongue-1,
olp-tongue-1,,olp,tongue,tootsə,tootsə,t oː ts ə,,Clark1981,tongue-1,
soz-tongue-1,,soz,tongue,tots,tots,t o ts,,Elson1999,tongue-1,
chzmaria-tongue-1,,chzmaria,tongue,yen-kuʔy,yen-kuʔy,j e n + k u ʔ j,,Knudson1980,tongue-2,
chzmiguel-tongue-1,,chzmiguel,tongue,tots,tots,t o ts,,Johnson1998,tongue-1,
chisz-tongue-1,,chisz,tongue,tots,tots,t o ts,,Harrison1981,tongue-1,
nhm-tooth-1,,nhm,tooth,təəts,təəts,t əː ts,,Schoenhals1965,tooth-1,
shm-tooth-1,,shm,tooth,təəts,təəts,t əː ts,,Cysouw2006,tooth-1,
lm-tooth-1,,lm,tooth,təəts,təəts,t əː ts,,Hoogshagen1993,tooth-1,
sap-tooth-1,,sap,tooth,təəhts,təəhts,t əː h ts,,Clark1961,tooth-1,
olp-tooth-1,,olp,tooth,təətsə,təətsə,t əː ts ə,,Clark1981,tooth-1,
txp-tooth-1,,txp,tooth,təts,təts,t ə ts,,Wichmann2002,tooth-1,
soz-tooth-1,,soz,tooth,təts,təts,t ə ts,,Elson1999,tooth-1,
chzmaria-tooth-1,,chzmaria,tooth,təts,təts,t ə ts,,Knudson1980,tooth-1,
chzmiguel-tooth-1,,chzmiguel,tooth,təts,təts,t ə ts,,Johnson1998,tooth-1,
chisz-tooth-1,,chisz,tooth,təts,təts,t ə ts,,Harrison1981,tooth-1,
nhm-tree-1,,nhm,tree,kïp,kïp,k ɨ p,,Schoenhals1965,tree-1,
shm-tree-1,,shm,tree,šoh,šoh,ʃ o h,,Cysouw2006,tree-2,
lm-tree-1,,lm,tree,kipy,kipy,k i p j,,Hoogshagen1993,tree-1,
sap-tree-1,,sap,tree,kuhy,kuhy,k u h j,,Clark1961,tree-1,
olp-tree-1,,olp,tree,kuyə,kuyə,k u j ə,,Clark1981,tree-1,
txp-tree-1,,txp,tree,kuy,kuy,k u j,,Wichmann2002,tree-1,
soz-tree-1,,soz,tree,kuy,kuy,k u j,,Elson1999,tree-1,
chzmaria-tree-1,,chzmaria,tree,kuy,kuy,k u j,,Knudson1980,tree-1,
chzmiguel-tree-1,,chzmiguel,tree,kuy,kuy,k u j,,Johnson1998,tree-1,
chisz-tree-1,,chisz,tree,kuy,kuy,k u j,,Harrison1981,tree-1,
nhm-two-1,,nhm,two,mehtsk,mehtsk,m e h ts k,,Schoenhals1965,two-1,
shm-two-1,,shm,two,mætsk,mætsk,m æ ts k,,Cysouw2006,two-1,
lm-two-1,,lm,two,mets,mets,m e ts,,Hoogshagen1993,two-1,
sap-two-1,,sap,two,mečk,mečk,m e tʃ k,,Clark1961,two-1,
olp-two-1,,olp,two,mes-ko,mes-ko,m e s + k o,,Clark1981,two-1,
txp-two-1,,txp,two,wəs-naʔ,wəs-naʔ,w ə s + n a ʔ,,Wichmann2002,two-2,
soz-two-1,,soz,two,wəs-teen,wəs-teen,w ə s + t eː n,,Elson1999,two-2,
chzmaria-two-1,,chzmaria,two,mets-aʔaŋ,mets-aʔaŋ,m e ts + a ʔ a ŋ,,Knudson1980,two-3,
chzmiguel-two-1,,chzmiguel,two,mets-a-ʔaŋ,mets-a-ʔaŋ,m e ts + a + ʔ a ŋ,,Johnson1998,two-3,
chisz-two-1,,chisz,two,metsa,metsa,m e ts a,,Harrison1981,two-1,
nhm-walkgo-1,,nhm,walkgo,yoʔoy,yoʔoy,j o ʔ o j,,Schoenhals1965,walkgo-1,
shm-walkgo-1,,shm,walkgo,yoʔoy,yoʔoy,j o ʔ o j,,Cysouw2006,walkgo-1,
lm-walkgo-1,,lm,walkgo,yoʔoy,yoʔoy,j o ʔ o j,,Hoogshagen1993,walkgo-1,
sap-walkgo-1,,sap,walkgo,yoʔy,yoʔy,j o ʔ j,,Clark1961,walkgo-1,
olp-walkgo-1,,olp,walkgo,vit,vit,v i t,,Clark1981,walkgo-2,
txp-walkgo-1,,txp,walkgo,weč,weč,w e tʃ,,Wichmann2002,walkgo-2,
soz-walkgo-1,,soz,walkgo,wity,wity,w i t j,,Elson1999,walkgo-2,
chzmiguel-walkgo-1,,chzmiguel,walkgo,wit,wit,w i t,,Johnson1998,walkgo-2,
chisz-walkgo-1,,chisz,walkgo,wiht,wiht,w i h t,,Harrison1981,walkgo-2,
chzmaria-walkgo-1,,chzmaria,walkgo,tuʔŋah,tuʔŋah,t u ʔ ŋ a h,,Knudson1980,walkgo-1,
chzmiguel-walkgo-2,,chzmiguel,walkgo,tuŋ-ʔah,tuŋ-ʔah,t u ŋ + ʔ a h,,Johnson1998,walkgo-1,
nhm-warm-1,,nhm,warm,an,an,a n,,Schoenhals1965,warm-1,
shm-warm-1,,shm,warm,an,an,a n,,Cysouw2006,warm-1,
lm-warm-1,,lm,warm,an,an,a n,,Hoogshagen1993,warm-1,
sap-warm-1,,sap,warm,"powik, toyap",powik,p o w i k,,Clark1961,warm-2,
sap-warm-2,,sap,warm,"powik, toyap",toyap,t o j a p,,Clark1961,warm-2,
olp-warm-1,,olp,warm,hokoʔš,hokoʔš,h o k o ʔ ʃ,,Clark1981,warm-3,
chzmaria-warm-1,,chzmaria,warm,nuts,nuts,n u ts,,Knudson1980,warm-5,
chzmiguel-warm-1,,chzmiguel,warm,yuk-nuts,yuk-nuts,j u k + n u ts,,Johnson1998,warm-5,
chisz-warm-1,,chisz,warm,"pih, yoʔk-a",pih,p i h,,Harrison1981,warm-4,
chisz-warm-2,,chisz,warm,"pih, yoʔk-a",yoʔk-a,j o ʔ k + a,,Harrison1981,warm-4,
nhm-water-1,,nhm,water,nəə,nəə,n əː,,Schoenhals1965,water-1,
shm-water-1,,shm,water,nəh,nəh,n ə h,,Cysouw2006,water-1,
lm-water-1,,lm,water,nəə,nəə,n əː,,Hoogshagen1993,water-1,
sap-water-1,,sap,water,nəʔ,nəʔ,n ə ʔ,,Clark1961,water-1,
olp-water-1,,olp,water,nəəhə,nəəhə,n əː h ə,,Clark1981,water-1,
txp-water-1,,txp,water,dəʔ,dəʔ,d ə ʔ,,Wichmann2002,water-1,
soz-water-1,,soz,water,nə,nə,n ə,,Elson1999,water-1,
chzmaria-water-1,,chzmaria,water,nəʔ,nəʔ,n ə ʔ,,Knudson1980,water-1,
chzmiguel-water-1,,chzmiguel,water,nəʔ,nəʔ,n ə ʔ,,Johnson1998,water-1,
chisz-water-1,,chisz,water,nəʔ,nəʔ,n ə ʔ,,Harrison1981,water-1,
nhm-we-1,,nhm,we,əəts,əəts,əː ts,,Schoenhals1965,we-1,
shm-we-1,,shm,we,əəts,əəts,əː ts,,Cysouw2006,we-1,
lm-we-1,,lm,we,əəč aht,əəč aht,əː tʃ + a h t,,Hoogshagen1993,we-1,
sap-we-1,,sap,we,əhtsat,əhtsat,ə h ts a t,,Clark1961,we-1,
olp-we-1,,olp,we,ətsaateʔk,ətsaateʔk,ə ts aː t e ʔ k,,Clark1981,we-1,
txp-we-1,,txp,we,ʔəts-taʔ,ʔəts-taʔ,ʔ ə ts + t a ʔ,,Wichmann2002,we-1,
chzmaria-we-1,,chzmaria,we,newinynen,newinynen,n e w i n j n e n,,Knudson1980,we-2,
chzmiguel-we-1,,chzmiguel,we,neywin,neywin,n e j w i n,,Johnson1998,we-2,
chisz-we-1,,chisz,we,təh,təh,t ə h,,Harrison1981,we-3,
nhm-what-1,,nhm,what,ti,ti,t i,,Schoenhals1965,what-1,
shm-what-1,,shm,what,tii,tii,t iː,,Cysouw2006,what-1,
lm-what-1,,lm,what,ti,ti,t i,,Hoogshagen1993,what-1,
sap-what-1,,sap,what,ti,ti,t i,,Clark1961,what-1,
olp-what-1,,olp,what,ti,ti,t i,,Clark1981,what-1,
txp-what-1,,txp,what,čeʔ,čeʔ,tʃ e ʔ,,Wichmann2002,what-1,
soz-what-1,,soz,what,tyi,tyi,t j i,,Elson1999,what-1,
chzmaria-what-1,,chzmaria,what,ti,ti,t i,,Knudson1980,what-1,
chzmiguel-what-1,,chzmiguel,what,ti,ti,t i,,Johnson1998,what-1,
chisz-what-1,,chisz,what,tiyə,tiyə,t i j ə,,Harrison1981,what-1,
nhm-white-1,,nhm,white,pooʔp,pooʔp,p oː ʔ p,,Schoenhals1965,white-1,
shm-white-1,,shm,white,poop,poop,p oː p,,Cysouw2006,white-1,
lm-white-1,,lm,white,poob,poob,p oː b,,Hoogshagen1993,white-1,
sap-white-1,,sap,white,poʔp,poʔp,p o ʔ p,,Clark1961,white-1,
olp-white-1,,olp,white,poopoʔ,poopoʔ,p oː p o ʔ,,Clark1981,white-1,
txp-white-1,,txp,white,popoʔ,popoʔ,p o p o ʔ,,Wichmann2002,white-1,
soz-white-1,,soz,white,poʔobaap,poʔobaap,p o ʔ o b aː p,,Elson1999,white-1,
chzmaria-white-1,,chzmaria,white,popoʔ,popoʔ,p o p o ʔ,,Knudson1980,white-1,
chzmiguel-white-1,,chzmiguel,white,popoʔ,popoʔ,p o p o ʔ,,Johnson1998,white-1,
chisz-white-1,,chisz,white,popo,popo,p o p o,,Harrison1981,white-1,
nhm-who-1,,nhm,who,pən,pən,p ə n,,Schoenhals1965,who-1,
shm-who-1,,shm,who,pən,pən,p ə n,,Cysouw2006,who-1,
lm-who-1,,lm,who,pən,pən,p ə n,,Hoogshagen1993,who-1,
sap-who-1,,sap,who,pən,pən,p ə n,,Clark1961,who-1,
olp-who-1,,olp,who,pən,pən,p ə n,,Clark1981,who-1,
txp-who-1,,txp,who,ʔee,ʔee,ʔ eː,,Wichmann2002,who-3,
soz-who-1,,soz,who,iapaʔap,iapaʔap,i a p a ʔ a p,,Elson1999,who-4,
chzmaria-who-1,,chzmaria,who,i-wə,i-wə,i + w ə,,Knudson1980,who-2,
chzmiguel-who-1,,chzmiguel,who,ʔi-wə,ʔi-wə,ʔ i + w ə,,Johnson1998,who-2,
chisz-who-1,,chisz,who,i-wə,i-wə,i + w ə,,Harrison1981,who-2,
nhm-woman-1,,nhm,woman,təʔəštəhk,təʔəštəhk,t ə ʔ ə ʃ t ə h k,,Schoenhals1965,woman-1,
shm-woman-1,,shm,woman,tišytyəhk,tišytyəhk,t i ʃ j t j ə h k,,Cysouw2006,woman-2,
lm-woman-1,,lm,woman,toʔošyhəy,toʔošyhəy,t o ʔ o ʃ j h ə j,,Hoogshagen1993,woman-2,
sap-woman-1,,sap,woman,toʔšay,toʔšay,t o ʔ ʃ a j,,Clark1961,woman-2,
olp-woman-1,,olp,woman,mahaw,mahaw,m a h a w,,Clark1981,woman-3,
txp-woman-1,,txp,woman,yoomaʔ,yoomaʔ,j oː m a ʔ,,Wichmann2002,woman-4,
soz-woman-1,,soz,woman,yoomo,yoomo,j oː m o,,Elson1999,woman-4,
chzmaria-woman-1,,chzmaria,woman,yoməʔ,yoməʔ,j o m ə ʔ,,Knudson1980,woman-4,
chzmiguel-woman-1,,chzmiguel,woman,yomaaʔ,yomaaʔ,j o m aː ʔ,,Johnson1998,woman-4,
chisz-woman-1,,chisz,woman,yomo,yomo,j o m o,,Harrison1981,woman-4,
nhm-yellow-1,,nhm,yellow,pυʔts,pυʔts,p υ/ʊ ʔ ts,,Schoenhals1965,yellow-1,
shm-yellow-1,,shm,yellow,puts,puts,p u ts,,Cysouw2006,yellow-1,
lm-yellow-1,,lm,yellow,puʔts,puʔts,p u ʔ ts,,Hoogshagen1993,yellow-1,
sap-yellow-1,,sap,yellow,puʔts-puts,puʔts-puts,p u ʔ ts + p u ts,,Clark1961,yellow-1,
olp-yellow-1,,olp,yellow,puʔs-puʔs,puʔs-puʔs,p u ʔ s + p u ʔ s,,Clark1981,yellow-1,
txp-yellow-1,,txp,yellow,puʔuč-eʔ,puʔuč-eʔ,p u ʔ u tʃ + e ʔ,,Wichmann2002,yellow-1,
soz-yellow-1,,soz,yellow,puʔuč,puʔuč,p u ʔ u tʃ,,Elson1999,yellow-1,
chzmaria-yellow-1,,chzmaria,yellow,puʔtsiʔ,puʔtsiʔ,p u ʔ ts i ʔ,,Knudson1980,yellow-1,
chzmiguel-yellow-1,,chzmiguel,yellow,puʔts-puʔts,puʔts-puʔts,p u ʔ ts + p u ʔ ts,,Johnson1998,yellow-1,
chisz-yellow-1,,chisz,yellow,puʔtsə,puʔtsə,p u ʔ ts ə,,Harrison1981,yellow-1,
nhm-far-1,,nhm,far,hekum,hekum,h e k u m,,Schoenhals1965,far-1,
shm-far-1,,shm,far,hækæm,hækæm,h æ k æ m,,Cysouw2006,far-1,
lm-far-1,,lm,far,həgem,həgem,h ə g e m,,Hoogshagen1993,far-1,
sap-far-1,,sap,far,yagats,yagats,j a g a ts,,Clark1961,far-2,
olp-far-1,,olp,far,heškeʔkeʔk,heškeʔkeʔk,h e ʃ k e ʔ k e ʔ k,,Clark1981,far-3,
txp-far-1,,txp,far,huʔum,huʔum,h u ʔ u m,,Wichmann2002,far-5,
soz-far-1,,soz,far,huʔumə,huʔumə,h u ʔ u m ə,,Elson1999,far-5,
chzmaria-far-1,,chzmaria,far,yaʔhi,yaʔhi,j a ʔ h i,,Knudson1980,far-4,
chzmiguel-far-1,,chzmiguel,far,yah-əʔ,yah-əʔ,j a h + ə ʔ,,Johnson1998,far-4,
chisz-far-1,,chisz,far,yaʔay,yaʔay,j a ʔ a j,,Harrison1981,far-4,
nhm-heavy-1,,nhm,heavy,hemïts,hemïts,h e m ɨ ts,,Schoenhals1965,heavy-1,
shm-heavy-1,,shm,heavy,heʔmšy,heʔmšy,h e ʔ m ʃ j,,Cysouw2006,heavy-2,
lm-heavy-1,,lm,heavy,hemšy,hemšy,h e m ʃ j,,Hoogshagen1993,heavy-2,
sap-heavy-1,,sap,heavy,uʔts,uʔts,u ʔ ts,,Clark1961,heavy-3,
txp-heavy-1,,txp,heavy,tsaʔks-naʔ,tsaʔks-naʔ,ts a ʔ k s + n a ʔ,,Wichmann2002,heavy-2,
soz-heavy-1,,soz,heavy,tsakš-ñi,tsakš-ñi,ts a k ʃ + ɲ i,,Elson1999,heavy-2,
chzmaria-heavy-1,,chzmaria,heavy,hemets,hemets,h e m e ts,,Knudson1980,heavy-1,
chzmiguel-heavy-1,,chzmiguel,heavy,hemeʔts,hemeʔts,h e m e ʔ ts,,Johnson1998,heavy-1,
chisz-heavy-1,,chisz,heavy,hemets,hemets,h e m e ts,,Harrison1981,heavy-1,
nhm-near-1,,nhm,near,təmhi,təmhi,t ə m h i,,Schoenhals1965,near-2,
shm-near-1,,shm,near,hənkon,hənkon,h ə n k o n,,Cysouw2006,near-1,
lm-near-1,,lm,near,wingon,wingon,w i n g o n,,Hoogshagen1993,near-1,
sap-near-1,,sap,near,tom,tom,t o m,,Clark1961,near-2,
olp-near-1,,olp,near,tomeʔk,tomeʔk,t o m e ʔ k,,Clark1981,near-2,
txp-near-1,,txp,near,taʔan,taʔan,t a ʔ a n,,Wichmann2002,near-3,
soz-near-1,,soz,near,taʔañi,taʔañi,t a ʔ a ɲ i,,Elson1999,near-3,
chzmaria-near-1,,chzmaria,near,tomeʔ,tomeʔ,t o m e ʔ,,Knudson1980,near-2,
chzmiguel-near-1,,chzmiguel,near,tom-eʔ,tom-eʔ,t o m + e ʔ,,Johnson1998,near-2,
chisz-near-1,,chisz,near,tome,tome,t o m e,,Harrison1981,near-2,
nhm-salt-1,,nhm,salt,kaan,kaan,k aː n,,Schoenhals1965,salt-1,
shm-salt-1,,shm,salt,kaan,kaan,k aː n,,Cysouw2006,salt-1,
lm-salt-1,,lm,salt,kaan,kaan,k aː n,,Hoogshagen1993,salt-1,
sap-salt-1,,sap,salt,kaan,kaan,k aː n,,Clark1961,salt-1,
olp-salt-1,,olp,salt,kaana,kaana,k aː n a,,Clark1981,salt-1,
txp-salt-1,,txp,salt,kaan,kaan,k aː n,,Wichmann2002,salt-1,
soz-salt-1,,soz,salt,kaana,kaana,k aː n a,,Elson1999,salt-1,
chzmaria-salt-1,,chzmaria,salt,kana,kana,k a n a,,Knudson1980,salt-1,
chzmiguel-salt-1,,chzmiguel,salt,kana,kana,k a n a,,Johnson1998,salt-1,
chisz-salt-1,,chisz,salt,kana,kana,k a n a,,Harrison1981,salt-1,
nhm-short-1,,nhm,short,kona,kona,k o n a,,Schoenhals1965,short-1,
shm-short-1,,shm,short,kon,kon,k o n,,Cysouw2006,short-1,
lm-short-1,,lm,short,kon,kon,k o n,,Hoogshagen1993,short-1,
olp-short-1,,olp,short,konoʔk,konoʔk,k o n o ʔ k,,Clark1981,short-1,
txp-short-1,,txp,short,dokkoʔ,dokkoʔ,d o kː o ʔ,,Wichmann2002,short-2,
soz-short-1,,soz,short,noko,noko,n o k o,,Elson1999,short-2,
chzmaria-short-1,,chzmaria,short,konoʔ,konoʔ,k o n o ʔ,,Knudson1980,short-1,
chzmiguel-short-1,,chzmiguel,short,kon(n)-oʔ,kon-oʔ,k o n + o ʔ,,Johnson1998,short-1,
chisz-short-1,,chisz,short,kono,kono,k o n o,,Harrison1981,short-1,
nhm-snake-1,,nhm,snake,tsaaʔn,tsaaʔn,ts aː ʔ n,,Schoenhals1965,snake-1,
shm-snake-1,,shm,snake,tsaʔany,tsaʔany,ts a ʔ a n j,,Cysouw2006,snake-1,
lm-snake-1,,lm,snake,tsaʔny,tsaʔny,ts a ʔ n j,,Hoogshagen1993,snake-1,
sap-snake-1,,sap,snake,tsanay,tsanay,ts a n a j,,Clark1961,snake-1,
olp-snake-1,,olp,snake,tsanaʔy,tsanaʔy,ts a n a ʔ j,,Clark1981,snake-1,
txp-snake-1,,txp,snake,tsaañ,tsaañ,ts aː ɲ,,Wichmann2002,snake-1,
soz-snake-1,,soz,snake,tsaañ,tsaañ,ts aː ɲ,,Elson1999,snake-1,
chzmaria-snake-1,,chzmaria,snake,tsahin,tsahin,ts a h i n,,Knudson1980,snake-1,
chzmiguel-snake-1,,chzmiguel,snake,tsahin,tsahin,ts a h i n,,Johnson1998,snake-1,
chisz-snake-1,,chisz,snake,tsan,tsan,ts a n,,Harrison1981,snake-1,
nhm-thin-1,,nhm,thin,pehi,pehi,p e h i,,Schoenhals1965,thin-1,
shm-thin-1,,shm,thin,pehy,pehy,p e h j,,Cysouw2006,thin-1,
lm-thin-1,,lm,thin,pehy,pehy,p e h j,,Hoogshagen1993,thin-1,
sap-thin-1,,sap,thin,pehay,pehay,p e h a j,,Clark1961,thin-1,
olp-thin-1,,olp,thin,"hətəʔt, niipakə, pakə",hətəʔt,h ə t ə ʔ t,,Clark1981,thin-2,
olp-thin-2,,olp,thin,"hətəʔt, niipakə, pakə",niipakə,n iː p a k ə,,Clark1981,thin-2,
olp-thin-3,,olp,thin,"hətəʔt, niipakə, pakə",pakə,p a k ə,,Clark1981,thin-2,
txp-thin-1,,txp,thin,"waayeʔ, əʔks-kəʔdaʔa, kal-pak-daʔa",waayeʔ,w aː j e ʔ,,Wichmann2002,thin-4,
txp-thin-2,,txp,thin,"waayeʔ, əʔks-kəʔdaʔa, kal-pak-daʔa",əʔks-kəʔdaʔa,ə ʔ k s + k ə ʔ d a ʔ a,,Wichmann2002,thin-4,
txp-thin-3,,txp,thin,"waayeʔ, əʔks-kəʔdaʔa, kal-pak-daʔa",kal-pak-daʔa,k a l + p a k + d a ʔ a,,Wichmann2002,thin-4,
soz-thin-1,,soz,thin,"čehče, wayay",čehče,tʃ e h tʃ e,,Elson1999,thin-5,
soz-thin-2,,soz,thin,"čehče, wayay",wayay,w a j a j,,Elson1999,thin-5,
chzmaria-thin-1,,chzmaria,thin,piʔiʔ,piʔiʔ,p i ʔ i ʔ,,Knudson1980,thin-1,
chzmiguel-thin-1,,chzmiguel,thin,kitsa,kitsa,k i ts a,,Johnson1998,thin-6,
chisz-thin-1,,chisz,thin,"tseya, kay, pahka-pahka",tseya,ts e j a,,Harrison1981,thin-3,
chisz-thin-2,,chisz,thin,"tseya, kay, pahka-pahka",kay,k a j,,Harrison1981,thin-3,
chisz-thin-3,,chisz,thin,"tseya, kay, pahka-pahka",pahka-pahka,p a h k a + p a h k a,,Harrison1981,thin-3,
nhm-wind-1,,nhm,wind,poh,poh,p o h,,Schoenhals1965,wind-1,
shm-wind-1,,shm,wind,poh,poh,p o h,,Cysouw2006,wind-1,
lm-wind-1,,lm,wind,poh,poh,p o h,,Hoogshagen1993,wind-1,
sap-wind-1,,sap,wind,šeʔm,šeʔm,ʃ e ʔ m,,Clark1961,wind-2,
olp-wind-1,,olp,wind,haamu,haamu,h aː m u,,Clark1981,wind-3,
txp-wind-1,,txp,wind,saaw,saaw,s aː w,,Wichmann2002,wind-4,
soz-wind-1,,soz,wind,saawa,saawa,s aː w a,,Elson1999,wind-4,
chzmiguel-wind-1,,chzmiguel,wind,šawa,šawa,ʃ a w a,,Johnson1998,wind-4,
chisz-wind-1,,chisz,wind,sawa,sawa,s a w a,,Harrison1981,wind-4,
nhm-worm-1,,nhm,worm,naš-tsaaʔn,naš-tsaaʔn,n a ʃ + ts aː ʔ n,,Schoenhals1965,worm-1,
shm-worm-1,,shm,worm,tənəʔək,tənəʔək,t ə n ə ʔ ə k,,Cysouw2006,worm-2,
lm-worm-1,,lm,worm,təng,təng,t ə n g,,Hoogshagen1993,worm-2,
sap-worm-1,,sap,worm,tsugut,tsugut,ts u g u t,,Clark1961,worm-3,
olp-worm-1,,olp,worm,kumu,kumu,k u m u,,Clark1981,worm-4,
txp-worm-1,,txp,worm,tsuʔukeñ,tsuʔukeñ,ts u ʔ u k e ɲ,,Wichmann2002,worm-5,
soz-worm-1,,soz,worm,tsuuʔkiñ,tsuuʔkiñ,ts uː ʔ k i ɲ,,Elson1999,worm-5,
chzmaria-worm-1,,chzmaria,worm,tsuʔkin,tsuʔkin,ts u ʔ k i n,,Knudson1980,worm-5,
chzmiguel-worm-1,,chzmiguel,worm,kumuʔ,kumuʔ,k u m u ʔ,,Johnson1998,worm-4,
txp-worm-2,,txp,worm,toʔt,toʔt,t o ʔ t,,Wichmann2002,worm-1,
chisz-worm-1,,chisz,worm,toʔt,toʔt,t o ʔ t,,Harrison1981,worm-1,
nhm-year-1,,nhm,year,hυυhnt,hυυhnt,h υː/ʊː h n t,,Schoenhals1965,year-1,
shm-year-1,,shm,year,həməht,həməht,h ə m ə h t,,Cysouw2006,year-1,
lm-year-1,,lm,year,həməht,həməht,h ə m ə h t,,Hoogshagen1993,year-1,
sap-year-1,,sap,year,šiwit,šiwit,ʃ i w i t,,Clark1961,year-2,
olp-year-1,,olp,year,šiviʔt,šiviʔt,ʃ i v i ʔ t,,Clark1981,year-2,
txp-year-1,,txp,year,ʔamče,ʔamče,ʔ a m tʃ e,,Wichmann2002,year-3,
soz-year-1,,soz,year,aamtyəy,aamtyəy,aː m t j ə j,,Elson1999,year-3,
chzmaria-year-1,,chzmaria,year,amintə,amintə,a m i n t ə,,Knudson1980,year-3,
chzmiguel-year-1,,chzmiguel,year,ʔamintəʔ,ʔamintəʔ,ʔ a m i n t ə ʔ,,Johnson1998,year-3,
chisz-year-1,,chisz,year,ame,ame,a m e,,Harrison1981,year-3,
